{
  "embeddings_info": {
    "ubp_umap": {
      "shape": [
        495,
        2
      ],
      "mean": [
        4.279658317565918,
        6.314589023590088
      ],
      "std": [
        12.726065635681152,
        6.206390380859375
      ],
      "range": [
        [
          -8.050774574279785,
          -8.29453182220459
        ],
        [
          35.096961975097656,
          13.824767112731934
        ]
      ]
    }
  },
  "resonance_patterns": {
    "ubp_umap": {
      "phi_ratio_count": 830004,
      "phi_ratio_mean": 1.6008242009358293,
      "phi_ratio_std": 0.09228837597768924,
      "pi_ratio_count": 342514,
      "pi_ratio_mean": 3.1176401386956503,
      "pi_ratio_std": 0.1807724513181132,
      "e_ratio_count": 411865,
      "e_ratio_mean": 2.698182312366727,
      "e_ratio_std": 0.1559706850877062,
      "sqrt2_ratio_count": 1374306,
      "sqrt2_ratio_mean": 1.3856017688059963,
      "sqrt2_ratio_std": 0.07915809816550054,
      "sqrt3_ratio_count": 726335,
      "sqrt3_ratio_mean": 1.7145583548204804,
      "sqrt3_ratio_std": 0.10021518893231224,
      "sqrt5_ratio_count": 521651,
      "sqrt5_ratio_mean": 2.21932353829408,
      "sqrt5_ratio_std": 0.12839507388636412,
      "cluster_count": 8,
      "cluster_silhouette": 0.6432324051856995,
      "cluster_centers": [
        [
          -1.4904661178588867,
          6.742090225219727
        ],
        [
          34.16950225830078,
          -7.757314205169678
        ],
        [
          20.06911277770996,
          0.7057967185974121
        ],
        [
          -6.4735565185546875,
          12.724863052368164
        ],
        [
          24.24987030029297,
          -3.3931479454040527
        ],
        [
          -2.013795852661133,
          10.013702392578125
        ],
        [
          2.4993512630462646,
          5.344522476196289
        ],
        [
          1.0237298011779785,
          9.06098461151123
        ]
      ],
      "embedding_span_x": "43.147736",
      "embedding_span_y": "22.119299",
      "embedding_aspect_ratio": "1.9506828",
      "aspect_ratio_phi_match": false,
      "aspect_ratio_pi_match": false,
      "aspect_ratio_e_match": false,
      "aspect_ratio_sqrt2_match": false,
      "aspect_ratio_sqrt3_match": false,
      "aspect_ratio_sqrt5_match": false
    },
    "field_analysis": {
      "nrci_field": {
        "grid_x": [
          [
            -8.050774574279785,
            -8.050774574279785,
            -8.050774574279785,
            -8.050774574279785,
            -8.050774574279785,
            -8.050774574279785,
            -8.050774574279785,
            -8.050774574279785,
            -8.050774574279785,
            -8.050774574279785,
            -8.050774574279785,
            -8.050774574279785,
            -8.050774574279785,
            -8.050774574279785,
            -8.050774574279785,
            -8.050774574279785,
            -8.050774574279785,
            -8.050774574279785,
            -8.050774574279785,
            -8.050774574279785,
            -8.050774574279785,
            -8.050774574279785,
            -8.050774574279785,
            -8.050774574279785,
            -8.050774574279785,
            -8.050774574279785,
            -8.050774574279785,
            -8.050774574279785,
            -8.050774574279785,
            -8.050774574279785,
            -8.050774574279785,
            -8.050774574279785,
            -8.050774574279785,
            -8.050774574279785,
            -8.050774574279785,
            -8.050774574279785,
            -8.050774574279785,
            -8.050774574279785,
            -8.050774574279785,
            -8.050774574279785,
            -8.050774574279785,
            -8.050774574279785,
            -8.050774574279785,
            -8.050774574279785,
            -8.050774574279785,
            -8.050774574279785,
            -8.050774574279785,
            -8.050774574279785,
            -8.050774574279785,
            -8.050774574279785
          ],
          [
            -7.170208541714415,
            -7.170208541714415,
            -7.170208541714415,
            -7.170208541714415,
            -7.170208541714415,
            -7.170208541714415,
            -7.170208541714415,
            -7.170208541714415,
            -7.170208541714415,
            -7.170208541714415,
            -7.170208541714415,
            -7.170208541714415,
            -7.170208541714415,
            -7.170208541714415,
            -7.170208541714415,
            -7.170208541714415,
            -7.170208541714415,
            -7.170208541714415,
            -7.170208541714415,
            -7.170208541714415,
            -7.170208541714415,
            -7.170208541714415,
            -7.170208541714415,
            -7.170208541714415,
            -7.170208541714415,
            -7.170208541714415,
            -7.170208541714415,
            -7.170208541714415,
            -7.170208541714415,
            -7.170208541714415,
            -7.170208541714415,
            -7.170208541714415,
            -7.170208541714415,
            -7.170208541714415,
            -7.170208541714415,
            -7.170208541714415,
            -7.170208541714415,
            -7.170208541714415,
            -7.170208541714415,
            -7.170208541714415,
            -7.170208541714415,
            -7.170208541714415,
            -7.170208541714415,
            -7.170208541714415,
            -7.170208541714415,
            -7.170208541714415,
            -7.170208541714415,
            -7.170208541714415,
            -7.170208541714415,
            -7.170208541714415
          ],
          [
            -6.289642509149045,
            -6.289642509149045,
            -6.289642509149045,
            -6.289642509149045,
            -6.289642509149045,
            -6.289642509149045,
            -6.289642509149045,
            -6.289642509149045,
            -6.289642509149045,
            -6.289642509149045,
            -6.289642509149045,
            -6.289642509149045,
            -6.289642509149045,
            -6.289642509149045,
            -6.289642509149045,
            -6.289642509149045,
            -6.289642509149045,
            -6.289642509149045,
            -6.289642509149045,
            -6.289642509149045,
            -6.289642509149045,
            -6.289642509149045,
            -6.289642509149045,
            -6.289642509149045,
            -6.289642509149045,
            -6.289642509149045,
            -6.289642509149045,
            -6.289642509149045,
            -6.289642509149045,
            -6.289642509149045,
            -6.289642509149045,
            -6.289642509149045,
            -6.289642509149045,
            -6.289642509149045,
            -6.289642509149045,
            -6.289642509149045,
            -6.289642509149045,
            -6.289642509149045,
            -6.289642509149045,
            -6.289642509149045,
            -6.289642509149045,
            -6.289642509149045,
            -6.289642509149045,
            -6.289642509149045,
            -6.289642509149045,
            -6.289642509149045,
            -6.289642509149045,
            -6.289642509149045,
            -6.289642509149045,
            -6.289642509149045
          ],
          [
            -5.409076476583675,
            -5.409076476583675,
            -5.409076476583675,
            -5.409076476583675,
            -5.409076476583675,
            -5.409076476583675,
            -5.409076476583675,
            -5.409076476583675,
            -5.409076476583675,
            -5.409076476583675,
            -5.409076476583675,
            -5.409076476583675,
            -5.409076476583675,
            -5.409076476583675,
            -5.409076476583675,
            -5.409076476583675,
            -5.409076476583675,
            -5.409076476583675,
            -5.409076476583675,
            -5.409076476583675,
            -5.409076476583675,
            -5.409076476583675,
