Time (s),N_R,N_P,R Concentration (mol/L),P Concentration (mol/L),k (s^-1)
0.0,6000,0,9.963467286615741e-21,0.0,0.101
9.765388028404231e-05,5999,1,9.96180670873464e-21,1.6605778811026236e-24,0.101
0.002101950523221843,5998,2,9.960146130853536e-21,3.321155762205247e-24,0.101
0.0022054585516453097,5997,3,9.958485552972434e-21,4.981733643307871e-24,0.101
0.0027745934469485646,5996,4,9.956824975091332e-21,6.642311524410495e-24,0.101
0.002823868497877565,5995,5,9.955164397210228e-21,8.302889405513118e-24,0.101
0.0028761966581360913,5994,6,9.953503819329126e-21,9.963467286615742e-24,0.101
0.005634640755870087,5993,7,9.951843241448023e-21,1.1624045167718365e-23,0.101
0.006699494499497731,5992,8,9.950182663566921e-21,1.328462304882099e-23,0.101
0.008630609058736943,5991,9,9.948522085685819e-21,1.4945200929923614e-23,0.101
0.009545056111787402,5990,10,9.946861507804715e-21,1.6605778811026236e-23,0.101
0.0106237395920183,5989,11,9.945200929923613e-21,1.826635669212886e-23,0.101
0.01198172502461398,5988,12,9.94354035204251e-21,1.9926934573231484e-23,0.101
0.012870378002275355,5987,13,9.941879774161408e-21,2.158751245433411e-23,0.101
0.013092337187480093,5986,14,9.940219196280306e-21,2.324809033543673e-23,0.101
0.013706678445612946,5985,15,9.938558618399202e-21,2.4908668216539356e-23,0.101
0.01468275762237151,5984,16,9.9368980405181e-21,2.656924609764198e-23,0.101
0.016804533013158873,5983,17,9.935237462636997e-21,2.8229823978744603e-23,0.101
0.01685072425680748,5982,18,9.933576884755895e-21,2.989040185984723e-23,0.101
0.01910394527355005,5981,19,9.931916306874793e-21,3.155097974094985e-23,0.101
0.02021056139139791,5980,20,9.930255728993689e-21,3.321155762205247e-23,0.101
0.021566456496576666,5979,21,9.928595151112587e-21,3.48721355031551e-23,0.101
0.021986425184957182,5978,22,9.926934573231484e-21,3.653271338425772e-23,0.101
0.025053283340807864,5977,23,9.925273995350381e-21,3.819329126536034e-23,0.101
0.025312054550052015,5976,24,9.92361341746928e-21,3.985386914646297e-23,0.101
0.02582617333047253,5975,25,9.921952839588176e-21,4.151444702756559e-23,0.101
0.02771211699332032,5974,26,9.920292261707074e-21,4.317502490866822e-23,0.101
0.029406412080452096,5973,27,9.91863168382597e-21,4.4835602789770837e-23,0.101
0.029512517548302107,5972,28,9.916971105944868e-21,4.649618067087346e-23,0.101
0.030419679139866596,5971,29,9.915310528063766e-21,4.8156758551976087e-23,0.101
0.032064092301829286,5970,30,9.913649950182663e-21,4.981733643307871e-23,0.101
0.036441076977750904,5969,31,9.911989372301561e-21,5.147791431418133e-23,0.101
0.037892303931584916,5968,32,9.910328794420457e-21,5.313849219528396e-23,0.101
0.03870827817521804,5967,33,9.908668216539355e-21,5.479907007638658e-23,0.101
0.04015034834368994,5966,34,9.907007638658253e-21,5.645964795748921e-23,0.101
0.04071795441362918,5965,35,9.90534706077715e-21,5.812022583859183e-23,0.101
0.04265680315502027,5964,36,9.903686482896048e-21,5.978080371969446e-23,0.101
0.04353745241737037,5963,37,9.902025905014944e-21,6.144138160079708e-23,0.101
0.044671290764048396,5962,38,9.900365327133842e-21,6.31019594818997e-23,0.101
0.044993550150924336,5961,39,9.89870474925274e-21,6.476253736300233e-23,0.101
0.04569964682769608,5960,40,9.897044171371637e-21,6.642311524410495e-23,0.101
0.05785054767200724,5959,41,9.895383593490535e-21,6.808369312520756e-23,0.101
0.058151998036516134,5958,42,9.893723015609431e-21,6.97442710063102e-23,0.101
0.059623944927275685,5957,43,9.892062437728329e-21,7.140484888741281e-23,0.101
0.06077042490995632,5956,44,9.890401859847227e-21,7.306542676851545e-23,0.101
0.06139237658902003,5955,45,9.888741281966124e-21,7.472600464961806e-23,0.101
0.06313236774344655,5954,46,9.887080704085021e-21,7.638658253072068e-23,0.101
0.06363091898782011,5953,47,9.885420126203918e-21,7.804716041182332e-23,0.101
0.069182954005612,5952,48,9.883759548322816e-21,7.970773829292593e-23,0.101
0.07137498941973265,5951,49,9.882098970441714e-21,8.136831617402855e-23,0.101
0.07648869176380199,5950,50,9.88043839256061e-21,8.302889405513118e-23,0.101
0.08284580963481585,5949,51,9.878777814679508e-21,8.46894719362338e-23,0.101
0.08405331965555196,5948,52,9.877117236798405e-21,8.635004981733643e-23,0.101
0.08488280591343736,5947,53,9.875456658917303e-21,8.801062769843905e-23,0.101
0.0878162519194311,5946,54,9.873796081036201e-21,8.967120557954167e-23,0.101
0.0888845949938471,5945,55,9.872135503155097e-21,9.13317834606443e-23,0.101
0.08975490539834467,5944,56,9.870474925273995e-21,9.299236134174692e-23,0.101
0.09010420627857237,5943,57,9.868814347392892e-21,9.465293922284954e-23,0.101
0.09680686340684627,5942,58,9.86715376951179e-21,9.631351710395217e-23,0.101
0.09781652011347369,5941,59,9.865493191630688e-21,9.797409498505479e-23,0.101
0.09906116806277933,5940,60,9.863832613749584e-21,9.963467286615742e-23,0.101
0.10181632467764648,5939,61,9.862172035868482e-21,1.0129525074726004e-22,0.101
0.10588547756204425,5938,62,9.860511457987379e-21,1.0295582862836266e-22,0.101
0.10723291503878275,5937,63,9.858850880106277e-21,1.0461640650946529e-22,0.101
0.10821646063563081,5936,64,9.857190302225175e-21,1.0627698439056791e-22,0.101
0.10886741655790631,5935,65,9.855529724344071e-21,1.0793756227167054e-22,0.101
0.10908397906347866,5934,66,9.853869146462969e-21,1.0959814015277315e-22,0.101
0.1112745885826199,5933,67,9.852208568581866e-21,1.1125871803387578e-22,0.101
0.11184306840765292,5932,68,9.850547990700764e-21,1.1291929591497841e-22,0.101
0.11503661521060822,5931,69,9.848887412819661e-21,1.1457987379608102e-22,0.101
0.1166169664119641,5930,70,9.847226834938558e-21,1.1624045167718365e-22,0.101
0.11873106709706127,5929,71,9.845566257057456e-21,1.1790102955828628e-22,0.101
0.11920806040975604,5928,72,9.843905679176352e-21,1.1956160743938891e-22,0.101
0.12038496590870748,5927,73,9.84224510129525e-21,1.2122218532049152e-22,0.101
0.12151071225386048,5926,74,9.840584523414148e-21,1.2288276320159415e-22,0.101
0.12353169075337131,5925,75,9.838923945533045e-21,1.2454334108269678e-22,0.101
0.12728680381713833,5924,76,9.837263367651943e-21,1.262039189637994e-22,0.101
0.1278870956986738,5923,77,9.83560278977084e-21,1.2786449684490202e-22,0.101
0.12804791374144997,5922,78,9.833942211889737e-21,1.2952507472600465e-22,0.101
0.12900702004652748,5921,79,9.832281634008635e-21,1.3118565260710726e-22,0.101
0.12997086511087913,5920,80,9.830621056127532e-21,1.328462304882099e-22,0.101
0.1301876746221097,5919,81,9.82896047824643e-21,1.3450680836931252e-22,0.101
0.13195906606751662,5918,82,9.827299900365326e-21,1.3616738625041513e-22,0.101
0.13501868445223614,5917,83,9.825639322484224e-21,1.3782796413151776e-22,0.101
0.14151738183290424,5916,84,9.823978744603122e-21,1.394885420126204e-22,0.101
0.1443716729435113,5915,85,9.822318166722019e-21,1.41149119893723e-22,0.101
0.14498119428804904,5914,86,9.820657588840917e-21,1.4280969777482563e-22,0.101
0.14543976440095477,5913,87,9.818997010959813e-21,1.4447027565592826e-22,0.101
0.15024285427393436,5912,88,9.817336433078711e-21,1.461308535370309e-22,0.101
0.15030783178123946,5911,89,9.815675855197609e-21,1.477914314181335e-22,0.101
0.15039818933631655,5910,90,9.814015277316506e-21,1.4945200929923613e-22,0.101
0.15663713933424406,5909,91,9.812354699435404e-21,1.5111258718033876e-22,0.101
0.15938432407744196,5908,92,9.8106941215543e-21,1.5277316506144137e-22,0.101
0.16468809237081264,5907,93,9.809033543673198e-21,1.54433742942544e-22,0.101
0.16662174967637122,5906,94,9.807372965792096e-21,1.5609432082364663e-22,0.101
0.16888565038449693,5905,95,9.805712387910992e-21,1.5775489870474924e-22,0.101
0.1708475498814956,5904,96,9.80405181002989e-21,1.5941547658585187e-22,0.101
0.1723240451070056,5903,97,9.802391232148787e-21,1.610760544669545e-22,0.101
0.17385242599140951,5902,98,9.800730654267685e-21,1.627366323480571e-22,0.101
0.17700009667378583,5901,99,9.799070076386581e-21,1.6439721022915974e-22,0.101
0.1803453577945573,5900,100,9.79740949850548e-21,1.6605778811026237e-22,0.101
0.1810699604472786,5899,101,9.795748920624377e-21,1.6771836599136498e-22,0.101
0.18108112367228577,5898,102,9.794088342743274e-21,1.693789438724676e-22,0.101
0.18195299734601322,5897,103,9.792427764862172e-21,1.7103952175357024e-22,0.101
0.18240279070456664,5896,104,9.790767186981068e-21,1.7270009963467287e-22,0.101
0.18506167633702458,5895,105,9.789106609099966e-21,1.7436067751577548e-22,0.101
0.19041393910765395,5894,106,9.787446031218864e-21,1.760212553968781e-22,0.101
0.1906691552560428,5893,107,9.78578545333776e-21,1.7768183327798074e-22,0.101
0.19123858800569554,5892,108,9.784124875456659e-21,1.7934241115908335e-22,0.101
0.19265070160940775,5891,109,9.782464297575555e-21,1.8100298904018598e-22,0.101
0.19289043512354553,5890,110,9.780803719694453e-21,1.826635669212886e-22,0.101
0.19678656438345396,5889,111,9.779143141813351e-21,1.8432414480239122e-22,0.101
0.1973979380294677,5888,112,9.777482563932248e-21,1.8598472268349385e-22,0.101
0.19762967099634618,5887,113,9.775821986051146e-21,1.8764530056459648e-22,0.101
0.2031231184513788,5886,114,9.774161408170042e-21,1.8930587844569909e-22,0.101
0.20393668978000729,5885,115,9.77250083028894e-21,1.9096645632680172e-22,0.101
0.20413719223838353,5884,116,9.770840252407838e-21,1.9262703420790435e-22,0.101
0.20603636962802716,5883,117,9.769179674526734e-21,1.9428761208900695e-22,0.101
0.21325992069847768,5882,118,9.767519096645632e-21,1.9594818997010959e-22,0.101
0.21852463005441922,5881,119,9.765858518764529e-21,1.9760876785121222e-22,0.101
0.21947180263879737,5880,120,9.764197940883427e-21,1.9926934573231485e-22,0.101
0.22095996374271965,5879,121,9.762537363002325e-21,2.0092992361341745e-22,0.101
0.22232947946824297,5878,122,9.760876785121221e-21,2.0259050149452009e-22,0.101
0.2225688169805317,5877,123,9.75921620724012e-21,2.0425107937562272e-22,0.101
0.22275809995995138,5876,124,9.757555629359016e-21,2.0591165725672532e-22,0.101
0.22368878100593034,5875,125,9.755895051477914e-21,2.0757223513782796e-22,0.101
0.22526255516702207,5874,126,9.754234473596812e-21,2.0923281301893059e-22,0.101
0.22901367819768548,5873,127,9.752573895715708e-21,2.108933909000332e-22,0.101
0.22955187415042627,5872,128,9.750913317834606e-21,2.1255396878113582e-22,0.101
0.23086118418472526,5871,129,9.749252739953503e-21,2.1421454666223846e-22,0.101
0.23417023764411354,5870,130,9.7475921620724e-21,2.158751245433411e-22,0.101
0.23973834670910968,5869,131,9.745931584191299e-21,2.175357024244437e-22,0.101
0.24245364041690412,5868,132,9.744271006310195e-21,2.191962803055463e-22,0.101
0.24348247299752493,5867,133,9.742610428429093e-21,2.2085685818664893e-22,0.101
0.24692017548895273,5866,134,9.74094985054799e-21,2.2251743606775156e-22,0.101
0.2490066911613853,5865,135,9.739289272666888e-21,2.241780139488542e-22,0.101
0.24910070602820053,5864,136,9.737628694785786e-21,2.2583859182995683e-22,0.101
0.24982598821828905,5863,137,9.735968116904682e-21,2.2749916971105946e-22,0.101
0.2501231128845757,5862,138,9.73430753902358e-21,2.2915974759216204e-22,0.101
0.25141019377336915,5861,139,9.732646961142476e-21,2.3082032547326467e-22,0.101
0.25194263428047975,5860,140,9.730986383261374e-21,2.324809033543673e-22,0.101
0.2527391394896478,5859,141,9.729325805380272e-21,2.3414148123546993e-22,0.101
0.25527696444500886,5858,142,9.727665227499169e-21,2.3580205911657256e-22,0.101
0.25569148043004014,5857,143,9.726004649618067e-21,2.374626369976752e-22,0.101
0.25694659500833184,5856,144,9.724344071736963e-21,2.3912321487877783e-22,0.101
0.2605828649784339,5855,145,9.722683493855861e-21,2.407837927598804e-22,0.101
0.2612019463089045,5854,146,9.72102291597476e-21,2.4244437064098304e-22,0.101
0.26511066959623797,5853,147,9.719362338093656e-21,2.4410494852208567e-22,0.101
0.27015947473801893,5852,148,9.717701760212554e-21,2.457655264031883e-22,0.101
0.2727429877259392,5851,149,9.71604118233145e-21,2.4742610428429093e-22,0.101
0.2729243912803975,5850,150,9.714380604450348e-21,2.4908668216539357e-22,0.101
0.2747014554531917,5849,151,9.712720026569246e-21,2.5074726004649615e-22,0.101
0.2792123009713259,5848,152,9.711059448688143e-21,2.524078379275988e-22,0.101
0.2798478490956396,5847,153,9.70939887080704e-21,2.540684158087014e-22,0.101
0.2809821531083813,5846,154,9.707738292925937e-21,2.5572899368980404e-22,0.101
0.28398353954821653,5845,155,9.706077715044835e-21,2.5738957157090667e-22,0.101
0.28551845792477587,5844,156,9.704417137163733e-21,2.590501494520093e-22,0.101
0.2877945723367992,5843,157,9.70275655928263e-21,2.607107273331119e-22,0.101
0.28882341972840814,5842,158,9.701095981401528e-21,2.623713052142145e-22,0.101
0.2907910503718709,5841,159,9.699435403520424e-21,2.6403188309531715e-22,0.101
0.2927809057421641,5840,160,9.697774825639322e-21,2.656924609764198e-22,0.101
0.29562596230413274,5839,161,9.69611424775822e-21,2.673530388575224e-22,0.101
0.30175117334820495,5838,162,9.694453669877116e-21,2.6901361673862504e-22,0.101
0.3017906952537013,5837,163,9.692793091996014e-21,2.7067419461972767e-22,0.101
0.3028227049250627,5836,164,9.691132514114911e-21,2.7233477250083026e-22,0.101
0.30376028020296864,5835,165,9.689471936233809e-21,2.739953503819329e-22,0.101
0.31114606199445377,5834,166,9.687811358352707e-21,2.756559282630355e-22,0.101
0.313991846564094,5833,167,9.686150780471603e-21,2.7731650614413815e-22,0.101
0.3169319017156209,5832,168,9.684490202590501e-21,2.789770840252408e-22,0.101
0.3170753781569518,5831,169,9.682829624709398e-21,2.806376619063434e-22,0.101
0.31873464413969765,5830,170,9.681169046828296e-21,2.82298239787446e-22,0.101
0.31902097019556863,5829,171,9.679508468947194e-21,2.8395881766854863e-22,0.101
0.32269344542679274,5828,172,9.67784789106609e-21,2.8561939554965126e-22,0.101
0.3232208258240838,5827,173,9.676187313184988e-21,2.872799734307539e-22,0.101
0.3253956428637482,5826,174,9.674526735303885e-21,2.889405513118565e-22,0.101
0.3263834410344017,5825,175,9.672866157422783e-21,2.9060112919295915e-22,0.101
0.32694735232170413,5824,176,9.67120557954168e-21,2.922617070740618e-22,0.101
0.3284276920962716,5823,177,9.669545001660577e-21,2.9392228495516437e-22,0.101
0.32902177153367257,5822,178,9.667884423779475e-21,2.95582862836267e-22,0.101
0.32970918908971736,5821,179,9.666223845898372e-21,2.9724344071736963e-22,0.101
0.33268984417883946,5820,180,9.66456326801727e-21,2.9890401859847226e-22,0.101
0.3356060362660577,5819,181,9.662902690136168e-21,3.005645964795749e-22,0.101
0.33776157358742354,5818,182,9.661242112255064e-21,3.022251743606775e-22,0.101
0.33791969471244054,5817,183,9.659581534373962e-21,3.038857522417801e-22,0.101
0.3401880958564488,5816,184,9.657920956492859e-21,3.0554633012288274e-22,0.101
0.34442225525855713,5815,185,9.656260378611756e-21,3.0720690800398537e-22,0.101
0.3468535809665597,5814,186,9.654599800730654e-21,3.08867485885088e-22,0.101
0.3483182593507804,5813,187,9.652939222849551e-21,3.1052806376619063e-22,0.101
0.3488615964027928,5812,188,9.651278644968449e-21,3.1218864164729326e-22,0.101
0.3489889473962172,5811,189,9.649618067087345e-21,3.1384921952839584e-22,0.101
0.35032894564102707,5810,190,9.647957489206243e-21,3.1550979740949848e-22,0.101
0.3553319815976959,5809,191,9.646296911325141e-21,3.171703752906011e-22,0.101
0.3559432545908507,5808,192,9.644636333444038e-21,3.1883095317170374e-22,0.101
0.35827590517386915,5807,193,9.642975755562936e-21,3.2049153105280637e-22,0.101
0.3604652276931738,5806,194,9.641315177681832e-21,3.22152108933909e-22,0.101
0.3608995656537307,5805,195,9.63965459980073e-21,3.2381268681501163e-22,0.101
0.3655343386242966,5804,196,9.637994021919628e-21,3.254732646961142e-22,0.101
0.3664616942509705,5803,197,9.636333444038525e-21,3.2713384257721684e-22,0.101
0.36661654106492647,5802,198,9.634672866157423e-21,3.2879442045831948e-22,0.101
0.3693017337445477,5801,199,9.633012288276319e-21,3.304549983394221e-22,0.101
0.36942951711560684,5800,200,9.631351710395217e-21,3.3211557622052474e-22,0.101
0.36963224830231856,5799,201,9.629691132514115e-21,3.3377615410162737e-22,0.101
0.3711117135176141,5798,202,9.628030554633012e-21,3.3543673198272995e-22,0.101
0.3734958165152942,5797,203,9.62636997675191e-21,3.370973098638326e-22,0.101
0.3759130531763892,5796,204,9.624709398870806e-21,3.387578877449352e-22,0.101
0.37852237144506296,5795,205,9.623048820989704e-21,3.4041846562603785e-22,0.101
0.38031209051350634,5794,206,9.621388243108602e-21,3.420790435071405e-22,0.101
0.38171259028497323,5793,207,9.619727665227499e-21,3.437396213882431e-22,0.101
0.38558030361978934,5792,208,9.618067087346396e-21,3.4540019926934574e-22,0.101
0.387635497331281,5791,209,9.616406509465293e-21,3.470607771504483e-22,0.101
0.3888221215657217,5790,210,9.614745931584191e-21,3.4872135503155095e-22,0.101
0.39021883789948053,5789,211,9.613085353703089e-21,3.503819329126536e-22,0.101
0.3919065249893246,5788,212,9.611424775821985e-21,3.520425107937562e-22,0.101
0.39290525766084666,5787,213,9.609764197940883e-21,3.5370308867485885e-22,0.101
0.39465749951035034,5786,214,9.60810362005978e-21,3.553636665559615e-22,0.101
0.3954712427485364,5785,215,9.606443042178678e-21,3.5702424443706406e-22,0.101
0.39891444223146033,5784,216,9.604782464297576e-21,3.586848223181667e-22,0.101
0.3993806132597082,5783,217,9.603121886416472e-21,3.603454001992693e-22,0.101
0.40162005232301057,5782,218,9.60146130853537e-21,3.6200597808037195e-22,0.101
0.40175739095440566,5781,219,9.599800730654267e-21,3.636665559614746e-22,0.101
0.4033294512431882,5780,220,9.598140152773165e-21,3.653271338425772e-22,0.101
0.4048387297947846,5779,221,9.596479574892063e-21,3.6698771172367985e-22,0.101
0.4091516855366389,5778,222,9.594818997010959e-21,3.6864828960478243e-22,0.101
0.40923178122077225,5777,223,9.593158419129857e-21,3.7030886748588506e-22,0.101
0.41003621964817044,5776,224,9.591497841248754e-21,3.719694453669877e-22,0.101
0.410760695064305,5775,225,9.589837263367652e-21,3.7363002324809032e-22,0.101
0.4121144214428154,5774,226,9.58817668548655e-21,3.7529060112919296e-22,0.101
0.4133849860034245,5773,227,9.586516107605446e-21,3.769511790102956e-22,0.101
0.41402164753978776,5772,228,9.584855529724344e-21,3.7861175689139817e-22,0.101
0.41474156674900975,5771,229,9.58319495184324e-21,3.802723347725008e-22,0.101
0.41730215319689706,5770,230,9.581534373962139e-21,3.8193291265360343e-22,0.101
0.4181370292723026,5769,231,9.579873796081036e-21,3.8359349053470606e-22,0.101
0.42010209888969513,5768,232,9.578213218199933e-21,3.852540684158087e-22,0.101
0.42161051836447333,5767,233,9.576552640318831e-21,3.8691464629691132e-22,0.101
0.4216410600128194,5766,234,9.574892062437727e-21,3.885752241780139e-22,0.101
0.42277520197875235,5765,235,9.573231484556625e-21,3.9023580205911654e-22,0.101
0.4236154479862324,5764,236,9.571570906675523e-21,3.9189637994021917e-22,0.101
0.42981097415544456,5763,237,9.56991032879442e-21,3.935569578213218e-22,0.101
0.4305246006198935,5762,238,9.568249750913318e-21,3.9521753570242443e-22,0.101
0.433640207934287,5761,239,9.566589173032214e-21,3.9687811358352706e-22,0.101
0.43487150369929384,5760,240,9.564928595151112e-21,3.985386914646297e-22,0.101
0.4355507807193264,5759,241,9.56326801727001e-21,4.001992693457323e-22,0.101
0.4371681802278222,5758,242,9.561607439388907e-21,4.018598472268349e-22,0.101
0.4392809403873607,5757,243,9.559946861507805e-21,4.0352042510793754e-22,0.101
0.4417053114382869,5756,244,9.558286283626701e-21,4.0518100298904017e-22,0.101
0.4438137913941144,5755,245,9.556625705745599e-21,4.068415808701428e-22,0.101
0.4449157739466872,5754,246,9.554965127864496e-21,4.0850215875124543e-22,0.101
0.44747818417428886,5753,247,9.553304549983394e-21,4.10162736632348e-22,0.101
0.4479930545890602,5752,248,9.551643972102292e-21,4.1182331451345065e-22,0.101
0.4481471251582607,5751,249,9.549983394221188e-21,4.134838923945533e-22,0.101
0.4499491783337582,5750,250,9.548322816340086e-21,4.151444702756559e-22,0.101
0.4535601955383592,5749,251,9.546662238458983e-21,4.1680504815675854e-22,0.101
0.4559377341830458,5748,252,9.54500166057788e-21,4.1846562603786117e-22,0.101
0.4579642968573454,5747,253,9.543341082696779e-21,4.201262039189638e-22,0.101
0.4617055450465094,5746,254,9.541680504815675e-21,4.217867818000664e-22,0.101
0.4619016124229741,5745,255,9.540019926934573e-21,4.23447359681169e-22,0.101
0.4631969295278231,5744,256,9.53835934905347e-21,4.2510793756227165e-22,0.101
0.4635309989644156,5743,257,9.536698771172367e-21,4.267685154433742e-22,0.101
0.46468699131522856,5742,258,9.535038193291265e-21,4.284290933244769e-22,0.101
0.4656504648415967,5741,259,9.533377615410162e-21,4.300896712055795e-22,0.101
0.46768109330882773,5740,260,9.53171703752906e-21,4.317502490866822e-22,0.101
0.4698285786277942,5739,261,9.530056459647956e-21,4.334108269677848e-22,0.101
0.47048217683768107,5738,262,9.528395881766854e-21,4.350714048488874e-22,0.101
0.4717750164430634,5737,263,9.526735303885752e-21,4.3673198272999e-22,0.101
0.4764836032002173,5736,264,9.525074726004649e-21,4.383925606110926e-22,0.101
0.4765937735780882,5735,265,9.523414148123547e-21,4.400531384921953e-22,0.101
0.4780711192707814,5734,266,9.521753570242443e-21,4.417137163732979e-22,0.101
0.4786950213614941,5733,267,9.520092992361341e-21,4.433742942544005e-22,0.101
0.48023143036061083,5732,268,9.518432414480239e-21,4.450348721355031e-22,0.101
0.480379533580651,5731,269,9.516771836599136e-21,4.466954500166058e-22,0.101
0.4820043543363092,5730,270,9.515111258718034e-21,4.483560278977084e-22,0.101
0.4845022940315007,5729,271,9.51345068083693e-21,4.50016605778811e-22,0.101
0.48551958657376326,5728,272,9.511790102955828e-21,4.5167718365991365e-22,0.101
0.4928197373212196,5727,273,9.510129525074726e-21,4.533377615410162e-22,0.101
0.4934924805385546,5726,274,9.508468947193623e-21,4.549983394221189e-22,0.101
0.4970818559017255,5725,275,9.50680836931252e-21,4.566589173032215e-22,0.101
0.4973042576113583,5724,276,9.505147791431417e-21,4.583194951843241e-22,0.101
0.4981089390403334,5723,277,9.503487213550315e-21,4.599800730654268e-22,0.101
0.49860574590740375,5722,278,9.501826635669213e-21,4.616406509465293e-22,0.101
0.5010281100037468,5721,279,9.50016605778811e-21,4.63301228827632e-22,0.101
0.5011652060983417,5720,280,9.498505479907007e-21,4.649618067087346e-22,0.101
0.5029593498020408,5719,281,9.496844902025904e-21,4.666223845898373e-22,0.101
0.5050768695242681,5718,282,9.495184324144802e-21,4.682829624709399e-22,0.101
0.506050646035031,5717,283,9.4935237462637e-21,4.6994354035204245e-22,0.101
0.5082840286521851,5716,284,9.491863168382596e-21,4.716041182331451e-22,0.101
0.5100789668397864,5715,285,9.490202590501494e-21,4.732646961142477e-22,0.101
0.51042926473463,5714,286,9.488542012620391e-21,4.749252739953504e-22,0.101
0.5109023219565079,5713,287,9.486881434739289e-21,4.76585851876453e-22,0.101
0.5129286481852157,5712,288,9.485220856858187e-21,4.7824642975755565e-22,0.101
0.5135197103412662,5711,289,9.483560278977083e-21,4.799070076386582e-22,0.101
0.515403624760129,5710,290,9.481899701095981e-21,4.815675855197608e-22,0.101
0.5171313639230736,5709,291,9.480239123214878e-21,4.832281634008635e-22,0.101
0.51713837473427,5708,292,9.478578545333776e-21,4.848887412819661e-22,0.101
0.5173762817517323,5707,293,9.476917967452674e-21,4.865493191630688e-22,0.101
0.5180090360682191,5706,294,9.47525738957157e-21,4.882098970441713e-22,0.101
0.518846385897051,5705,295,9.473596811690468e-21,4.898704749252739e-22,0.101
0.5208260993265137,5704,296,9.471936233809365e-21,4.915310528063766e-22,0.101
0.5210224832569927,5703,297,9.470275655928263e-21,4.931916306874792e-22,0.101
0.5214965731482022,5702,298,9.46861507804716e-21,4.948522085685819e-22,0.101
0.5250249143766765,5701,299,9.466954500166057e-21,4.9651278644968445e-22,0.101
0.526307608921455,5700,300,9.465293922284955e-21,4.981733643307871e-22,0.101
0.5268780473763565,5699,301,9.463633344403851e-21,4.998339422118897e-22,0.101
0.5329596742199425,5698,302,9.46197276652275e-21,5.014945200929923e-22,0.101
0.5354863251225812,5697,303,9.460312188641647e-21,5.03155097974095e-22,0.101
0.5360629114122027,5696,304,9.458651610760544e-21,5.048156758551976e-22,0.101
0.5361750225137466,5695,305,9.456991032879442e-21,5.064762537363002e-22,0.101
0.5369047551807768,5694,306,9.455330454998338e-21,5.081368316174028e-22,0.101
0.540950621679436,5693,307,9.453669877117236e-21,5.097974094985055e-22,0.101
0.5446921841487966,5692,308,9.452009299236134e-21,5.114579873796081e-22,0.101
0.5515601048720047,5691,309,9.450348721355031e-21,5.131185652607107e-22,0.101
0.5522825328985569,5690,310,9.448688143473929e-21,5.147791431418133e-22,0.101
0.5538855284539013,5689,311,9.447027565592825e-21,5.164397210229159e-22,0.101
0.5539224655773372,5688,312,9.445366987711723e-21,5.181002989040186e-22,0.101
0.5588667837179055,5687,313,9.443706409830621e-21,5.197608767851212e-22,0.101
0.5633034420322408,5686,314,9.442045831949518e-21,5.214214546662238e-22,0.101
0.5659866777242916,5685,315,9.440385254068416e-21,5.230820325473265e-22,0.101
0.570098789920804,5684,316,9.438724676187312e-21,5.24742610428429e-22,0.101
0.5730778249707332,5683,317,9.43706409830621e-21,5.264031883095317e-22,0.101
0.5765399507299499,5682,318,9.435403520425108e-21,5.280637661906343e-22,0.101
0.576708081274285,5681,319,9.433742942544005e-21,5.29724344071737e-22,0.101
0.5781108576697606,5680,320,9.432082364662903e-21,5.313849219528396e-22,0.101
0.5788811527484015,5679,321,9.430421786781799e-21,5.330454998339421e-22,0.101
0.5822087001425572,5678,322,9.428761208900697e-21,5.347060777150448e-22,0.101
0.5850849369957885,5677,323,9.427100631019595e-21,5.363666555961474e-22,0.101
0.5857925361684567,5676,324,9.425440053138491e-21,5.380272334772501e-22,0.101
0.5869932638546593,5675,325,9.42377947525739e-21,5.396878113583527e-22,0.101
0.5922166808887683,5674,326,9.422118897376286e-21,5.4134838923945535e-22,0.101
0.5947682857804697,5673,327,9.420458319495184e-21,5.430089671205579e-22,0.101
0.5989718025938807,5672,328,9.418797741614082e-21,5.446695450016605e-22,0.101
0.6000775012702295,5671,329,9.417137163732978e-21,5.463301228827632e-22,0.101
0.6009092315388157,5670,330,9.415476585851876e-21,5.479907007638658e-22,0.101
0.6035705291176696,5669,331,9.413816007970773e-21,5.496512786449685e-22,0.101
0.6044686290797794,5668,332,9.412155430089671e-21,5.51311856526071e-22,0.101
0.6045347875834464,5667,333,9.410494852208569e-21,5.529724344071737e-22,0.101
0.6067064181684704,5666,334,9.408834274327465e-21,5.546330122882763e-22,0.101
0.6076882218564028,5665,335,9.407173696446363e-21,5.562935901693789e-22,0.101
0.609622005020116,5664,336,9.40551311856526e-21,5.579541680504816e-22,0.101
0.6133549927170894,5663,337,9.403852540684158e-21,5.5961474593158415e-22,0.101
0.6139058660864379,5662,338,9.402191962803056e-21,5.612753238126868e-22,0.101
0.6143095405341922,5661,339,9.400531384921952e-21,5.629359016937894e-22,0.101
0.6189313527997085,5660,340,9.39887080704085e-21,5.64596479574892e-22,0.101
0.6191405495524772,5659,341,9.397210229159747e-21,5.662570574559947e-22,0.101
0.624128745275579,5658,342,9.395549651278645e-21,5.679176353370973e-22,0.101
0.6279898386199304,5657,343,9.393889073397543e-21,5.695782132181999e-22,0.101
0.6293151616052381,5656,344,9.392228495516439e-21,5.712387910993025e-22,0.101
0.6297390387712958,5655,345,9.390567917635337e-21,5.728993689804052e-22,0.101
0.629804148609964,5654,346,9.388907339754234e-21,5.745599468615078e-22,0.101
0.6307892704942785,5653,347,9.387246761873131e-21,5.762205247426104e-22,0.101
0.6345797593096842,5652,348,9.38558618399203e-21,5.77881102623713e-22,0.101
0.6348233630899849,5651,349,9.383925606110926e-21,5.795416805048156e-22,0.101
0.6380383754591155,5650,350,9.382265028229824e-21,5.812022583859183e-22,0.101
0.6388376058628933,5649,351,9.38060445034872e-21,5.828628362670209e-22,0.101
0.6393218687455385,5648,352,9.378943872467618e-21,5.845234141481236e-22,0.101
0.6411171927697291,5647,353,9.377283294586516e-21,5.8618399202922615e-22,0.101
0.6421760010836601,5646,354,9.375622716705413e-21,5.878445699103287e-22,0.101
0.6423712067585703,5645,355,9.373962138824311e-21,5.895051477914314e-22,0.101
0.6426183124222381,5644,356,9.372301560943207e-21,5.91165725672534e-22,0.101
0.6455526681735203,5643,357,9.370640983062105e-21,5.928263035536367e-22,0.101
0.6473794649774854,5642,358,9.368980405181003e-21,5.944868814347393e-22,0.101
0.6486636786944356,5641,359,9.3673198272999e-21,5.961474593158418e-22,0.101
0.6529041612685438,5640,360,9.365659249418798e-21,5.978080371969445e-22,0.101
0.6557952425588903,5639,361,9.363998671537694e-21,5.994686150780471e-22,0.101
0.6578065551487189,5638,362,9.362338093656592e-21,6.011291929591498e-22,0.101
0.6601424429550857,5637,363,9.36067751577549e-21,6.027897708402524e-22,0.101
0.6610641308648308,5636,364,9.359016937894387e-21,6.04450348721355e-22,0.101
0.6649776121577786,5635,365,9.357356360013285e-21,6.061109266024576e-22,0.101
0.6652409913178217,5634,366,9.355695782132181e-21,6.077715044835602e-22,0.101
0.6658178629962673,5633,367,9.354035204251079e-21,6.094320823646629e-22,0.101
0.6669588651432673,5632,368,9.352374626369977e-21,6.110926602457655e-22,0.101
0.6672510502529987,5631,369,9.350714048488874e-21,6.1275323812686815e-22,0.101
0.6688150625936387,5630,370,9.349053470607771e-21,6.144138160079707e-22,0.101
0.6697148384433161,5629,371,9.347392892726668e-21,6.160743938890734e-22,0.101
0.6717778313439365,5628,372,9.345732314845566e-21,6.17734971770176e-22,0.101
0.6778496941957308,5627,373,9.344071736964464e-21,6.193955496512786e-22,0.101
0.678063281997739,5626,374,9.34241115908336e-21,6.210561275323813e-22,0.101
0.679601750827785,5625,375,9.340750581202258e-21,6.227167054134838e-22,0.101
0.6801083338854558,5624,376,9.339090003321155e-21,6.243772832945865e-22,0.101
0.6822026671391735,5623,377,9.337429425440053e-21,6.260378611756891e-22,0.101
0.6866797860109899,5622,378,9.335768847558951e-21,6.276984390567917e-22,0.101
0.6874367611827437,5621,379,9.334108269677847e-21,6.293590169378944e-22,0.101
0.6879293277020219,5620,380,9.332447691796745e-21,6.3101959481899695e-22,0.101
0.6986608515261312,5619,381,9.330787113915642e-21,6.326801727000996e-22,0.101
0.6992580040230159,5618,382,9.32912653603454e-21,6.343407505812022e-22,0.101
0.7023529598810467,5617,383,9.327465958153438e-21,6.360013284623049e-22,0.101
0.7079154413929805,5616,384,9.325805380272334e-21,6.376619063434075e-22,0.101
0.7097182174108162,5615,385,9.324144802391232e-21,6.393224842245101e-22,0.101
0.7114391977643759,5614,386,9.322484224510129e-21,6.409830621056127e-22,0.101
0.7143627732222431,5613,387,9.320823646629027e-21,6.426436399867153e-22,0.101
0.7147464508908028,5612,388,9.319163068747925e-21,6.44304217867818e-22,0.101
0.7172988933924608,5611,389,9.317502490866821e-21,6.459647957489206e-22,0.101
0.7206711143634815,5610,390,9.315841912985719e-21,6.476253736300233e-22,0.101
0.7225304430774981,5609,391,9.314181335104616e-21,6.492859515111258e-22,0.101
0.7232778016544118,5608,392,9.312520757223514e-21,6.509465293922284e-22,0.101
0.7265923321972383,5607,393,9.31086017934241e-21,6.526071072733311e-22,0.101
0.7270962226193349,5606,394,9.309199601461308e-21,6.542676851544337e-22,0.101
0.7281244527569135,5605,395,9.307539023580206e-21,6.559282630355364e-22,0.101
0.7282836446321834,5604,396,9.305878445699102e-21,6.5758884091663895e-22,0.101
0.7331972149976919,5603,397,9.304217867818e-21,6.592494187977416e-22,0.101
0.7332188543311213,5602,398,9.302557289936897e-21,6.609099966788442e-22,0.101
0.7357698114147045,5601,399,9.300896712055795e-21,6.625705745599468e-22,0.101
0.7371488349619117,5600,400,9.299236134174693e-21,6.642311524410495e-22,0.101
0.7470084571467214,5599,401,9.29757555629359e-21,6.658917303221521e-22,0.101
0.7471123209985268,5598,402,9.295914978412487e-21,6.675523082032547e-22,0.101
0.7488440909699446,5597,403,9.294254400531384e-21,6.692128860843573e-22,0.101
0.750245227523878,5596,404,9.292593822650282e-21,6.708734639654599e-22,0.101
0.7507295566511926,5595,405,9.29093324476918e-21,6.725340418465626e-22,0.101
0.7527176964006175,5594,406,9.289272666888076e-21,6.741946197276652e-22,0.101
0.7539745979541492,5593,407,9.287612089006974e-21,6.758551976087678e-22,0.101
0.7541443496049367,5592,408,9.28595151112587e-21,6.775157754898704e-22,0.101
0.7554299534205842,5591,409,9.284290933244769e-21,6.791763533709731e-22,0.101
0.7557958288003329,5590,410,9.282630355363667e-21,6.808369312520757e-22,0.101
0.7562284383080383,5589,411,9.280969777482563e-21,6.824975091331783e-22,0.101
0.7577250097926805,5588,412,9.279309199601461e-21,6.84158087014281e-22,0.101
0.7577578779774022,5587,413,9.277648621720358e-21,6.858186648953835e-22,0.101
0.7607319876530455,5586,414,9.275988043839256e-21,6.874792427764862e-22,0.101
0.7621033412599945,5585,415,9.274327465958154e-21,6.891398206575888e-22,0.101
0.7625728227140358,5584,416,9.27266688807705e-21,6.908003985386915e-22,0.101
0.7661928041789429,5583,417,9.271006310195948e-21,6.924609764197941e-22,0.101
0.7682587719260278,5582,418,9.269345732314844e-21,6.941215543008966e-22,0.101
0.7689049860770872,5581,419,9.267685154433742e-21,6.957821321819993e-22,0.101
0.7725537330184368,5580,420,9.26602457655264e-21,6.974427100631019e-22,0.101
0.774012974037804,5579,421,9.264363998671537e-21,6.991032879442046e-22,0.101
0.7802115996619117,5578,422,9.262703420790435e-21,7.007638658253072e-22,0.101
0.780469403543229,5577,423,9.261042842909331e-21,7.024244437064098e-22,0.101
0.7822321907458675,5576,424,9.25938226502823e-21,7.040850215875124e-22,0.101
0.7893281686250057,5575,425,9.257721687147127e-21,7.05745599468615e-22,0.101
0.7901599514493687,5574,426,9.256061109266024e-21,7.074061773497177e-22,0.101
0.7902165845357644,5573,427,9.254400531384922e-21,7.090667552308203e-22,0.101
0.7913915484086516,5572,428,9.252739953503818e-21,7.10727333111923e-22,0.101
0.7931862409802305,5571,429,9.251079375622716e-21,7.123879109930255e-22,0.101
0.7935801846002936,5570,430,9.249418797741614e-21,7.140484888741281e-22,0.101
0.7939186052196235,5569,431,9.24775821986051e-21,7.157090667552308e-22,0.101
0.7961972761985596,5568,432,9.246097641979409e-21,7.173696446363334e-22,0.101
0.7964638779258062,5567,433,9.244437064098305e-21,7.190302225174361e-22,0.101
0.800818474785378,5566,434,9.242776486217203e-21,7.206908003985386e-22,0.101
0.8010728773884741,5565,435,9.241115908336101e-21,7.223513782796413e-22,0.101
0.8022919094739281,5564,436,9.239455330454998e-21,7.240119561607439e-22,0.101
0.80529180525657,5563,437,9.237794752573896e-21,7.256725340418465e-22,0.101
0.8095489012661028,5562,438,9.236134174692792e-21,7.273331119229492e-22,0.101
0.8124744215327219,5561,439,9.23447359681169e-21,7.289936898040518e-22,0.101
0.8162390712601888,5560,440,9.232813018930588e-21,7.306542676851544e-22,0.101
0.8170427993189786,5559,441,9.231152441049484e-21,7.32314845566257e-22,0.101
0.817283207744529,5558,442,9.229491863168382e-21,7.339754234473597e-22,0.101
0.8205259672662257,5557,443,9.227831285287279e-21,7.356360013284623e-22,0.101
0.8207496133871544,5556,444,9.226170707406177e-21,7.372965792095649e-22,0.101
0.82150534293866,5555,445,9.224510129525075e-21,7.389571570906675e-22,0.101
0.8239835277686375,5554,446,9.222849551643971e-21,7.406177349717701e-22,0.101
0.8247178550652994,5553,447,9.22118897376287e-21,7.422783128528728e-22,0.101
0.8269167230908546,5552,448,9.219528395881766e-21,7.439388907339754e-22,0.101
0.8272379053745053,5551,449,9.217867818000664e-21,7.45599468615078e-22,0.101
0.8277916810538993,5550,450,9.216207240119562e-21,7.4726004649618065e-22,0.101
0.8278914833740454,5549,451,9.214546662238458e-21,7.489206243772832e-22,0.101
0.8283894643031451,5548,452,9.212886084357356e-21,7.505812022583859e-22,0.101
0.8286826738967925,5547,453,9.211225506476253e-21,7.522417801394885e-22,0.101
0.8292883865891207,5546,454,9.20956492859515e-21,7.539023580205912e-22,0.101
0.8298536130358268,5545,455,9.207904350714049e-21,7.555629359016938e-22,0.101
0.8315155454072615,5544,456,9.206243772832945e-21,7.572235137827963e-22,0.101
0.8344045925276539,5543,457,9.204583194951843e-21,7.58884091663899e-22,0.101
0.8349461561297633,5542,458,9.20292261707074e-21,7.605446695450016e-22,0.101
0.8359408347258755,5541,459,9.201262039189638e-21,7.622052474261043e-22,0.101
0.8397195108861882,5540,460,9.199601461308536e-21,7.638658253072069e-22,0.101
0.8429856165877843,5539,461,9.197940883427432e-21,7.655264031883095e-22,0.101
0.8486443573339528,5538,462,9.19628030554633e-21,7.671869810694121e-22,0.101
0.8500038750407818,5537,463,9.194619727665226e-21,7.688475589505147e-22,0.101
0.8511559552404516,5536,464,9.192959149784124e-21,7.705081368316174e-22,0.101
0.8512839864840709,5535,465,9.191298571903022e-21,7.7216871471272e-22,0.101
0.8525060155830035,5534,466,9.189637994021919e-21,7.7382929259382265e-22,0.101
0.8574483854846414,5533,467,9.187977416140817e-21,7.754898704749252e-22,0.101
0.8603022386716441,5532,468,9.186316838259713e-21,7.771504483560278e-22,0.101
0.8617861892433357,5531,469,9.184656260378611e-21,7.788110262371305e-22,0.101
0.8627819100841959,5530,470,9.18299568249751e-21,7.804716041182331e-22,0.101
0.8657568307822129,5529,471,9.181335104616406e-21,7.821321819993358e-22,0.101
0.8680254619890322,5528,472,9.179674526735304e-21,7.837927598804383e-22,0.101
0.8692530501257217,5527,473,9.1780139488542e-21,7.85453337761541e-22,0.101
0.869950077097279,5526,474,9.176353370973098e-21,7.871139156426436e-22,0.101
0.8709104382903257,5525,475,9.174692793091996e-21,7.887744935237462e-22,0.101
0.8748221541721855,5524,476,9.173032215210893e-21,7.904350714048489e-22,0.101
0.8807384553922887,5523,477,9.17137163732979e-21,7.9209564928595145e-22,0.101
0.8827229021614228,5522,478,9.169711059448687e-21,7.937562271670541e-22,0.101
0.8841483390351236,5521,479,9.168050481567585e-21,7.954168050481567e-22,0.101
0.8860279618686061,5520,480,9.166389903686483e-21,7.970773829292594e-22,0.101
0.8886275147103986,5519,481,9.16472932580538e-21,7.98737960810362e-22,0.101
0.8904451984004322,5518,482,9.163068747924278e-21,8.003985386914646e-22,0.101
0.8910359343057189,5517,483,9.161408170043174e-21,8.020591165725672e-22,0.101
0.8924774614012085,5516,484,9.159747592162072e-21,8.037196944536698e-22,0.101
0.8936757553277335,5515,485,9.15808701428097e-21,8.053802723347725e-22,0.101
0.8940072659851713,5514,486,9.156426436399866e-21,8.070408502158751e-22,0.101
0.8947814339937582,5513,487,9.154765858518764e-21,8.087014280969777e-22,0.101
0.8957088235033159,5512,488,9.153105280637661e-21,8.103620059780803e-22,0.101
0.8984271275914095,5511,489,9.151444702756559e-21,8.120225838591829e-22,0.101
0.8997581247352275,5510,490,9.149784124875457e-21,8.136831617402856e-22,0.101
0.8998844282858713,5509,491,9.148123546994353e-21,8.153437396213882e-22,0.101
0.9057019076466537,5508,492,9.146462969113251e-21,8.170043175024909e-22,0.101
0.911760980949604,5507,493,9.144802391232148e-21,8.1866489538359345e-22,0.101
0.914533381912357,5506,494,9.143141813351046e-21,8.20325473264696e-22,0.101
0.9155014682056326,5505,495,9.141481235469944e-21,8.219860511457987e-22,0.101
0.9168570087637763,5504,496,9.13982065758884e-21,8.236466290269013e-22,0.101
0.9209877702800616,5503,497,9.138160079707738e-21,8.25307206908004e-22,0.101
0.922409723216805,5502,498,9.136499501826635e-21,8.269677847891066e-22,0.101
0.9238126140955445,5501,499,9.134838923945533e-21,8.286283626702092e-22,0.101
0.9254304709396197,5500,500,9.13317834606443e-21,8.302889405513118e-22,0.101
0.9257260089389341,5499,501,9.131517768183327e-21,8.319495184324144e-22,0.101
0.926741940887439,5498,502,9.129857190302225e-21,8.336100963135171e-22,0.101
0.9274203510825749,5497,503,9.128196612421122e-21,8.352706741946197e-22,0.101
0.928789035783662,5496,504,9.12653603454002e-21,8.369312520757223e-22,0.101
0.9311711394548441,5495,505,9.124875456658918e-21,8.385918299568249e-22,0.101
0.9322896198932433,5494,506,9.123214878777814e-21,8.402524078379276e-22,0.101
0.9353710529281987,5493,507,9.121554300896712e-21,8.419129857190302e-22,0.101
0.9363252161332105,5492,508,9.119893723015609e-21,8.435735636001328e-22,0.101
0.93665358885115,5491,509,9.118233145134506e-21,8.4523414148123545e-22,0.101
0.9380344212501566,5490,510,9.116572567253404e-21,8.46894719362338e-22,0.101
0.9401422354923792,5489,511,9.114911989372301e-21,8.485552972434407e-22,0.101
0.9419153991999898,5488,512,9.113251411491199e-21,8.502158751245433e-22,0.101
0.9424831994284513,5487,513,9.111590833610095e-21,8.518764530056459e-22,0.101
0.9442449972933463,5486,514,9.109930255728993e-21,8.535370308867485e-22,0.101
0.9483701159212071,5485,515,9.108269677847891e-21,8.551976087678512e-22,0.101
0.9538457534438455,5484,516,9.106609099966788e-21,8.568581866489538e-22,0.101
0.9560407438384253,5483,517,9.104948522085686e-21,8.585187645300564e-22,0.101
0.9562823603832854,5482,518,9.103287944204582e-21,8.60179342411159e-22,0.101
0.9581310361580075,5481,519,9.10162736632348e-21,8.618399202922616e-22,0.101
0.9648353723289868,5480,520,9.099966788442378e-21,8.635004981733643e-22,0.101
0.9683749466040602,5479,521,9.098306210561275e-21,8.65161076054467e-22,0.101
0.9684712869989348,5478,522,9.096645632680173e-21,8.668216539355695e-22,0.101
0.9687001507370409,5477,523,9.094985054799069e-21,8.684822318166721e-22,0.101
0.9711242447486139,5476,524,9.093324476917967e-21,8.701428096977749e-22,0.101
0.9736927927680473,5475,525,9.091663899036865e-21,8.718033875788775e-22,0.101
0.9738034268248612,5474,526,9.090003321155762e-21,8.7346396545998e-22,0.101
0.9744629752677626,5473,527,9.08834274327466e-21,8.751245433410826e-22,0.101
0.9799077940089888,5472,528,9.086682165393556e-21,8.767851212221852e-22,0.101
0.9801611198225862,5471,529,9.085021587512454e-21,8.78445699103288e-22,0.101
0.9803301180151606,5470,530,9.083361009631352e-21,8.801062769843906e-22,0.101
0.9822469167453471,5469,531,9.081700431750249e-21,8.817668548654931e-22,0.101
0.9835699543416557,5468,532,9.080039853869146e-21,8.834274327465957e-22,0.101
0.9878437583972475,5467,533,9.078379275988043e-21,8.850880106276983e-22,0.101
0.9879379593677784,5466,534,9.076718698106941e-21,8.86748588508801e-22,0.101
0.989605702863988,5465,535,9.075058120225837e-21,8.884091663899037e-22,0.101
0.9905970099007412,5464,536,9.073397542344735e-21,8.900697442710063e-22,0.101
0.9942310329923708,5463,537,9.071736964463633e-21,8.917303221521088e-22,0.101
0.996684160230546,5462,538,9.07007638658253e-21,8.933909000332116e-22,0.101
0.9978051474441015,5461,539,9.068415808701428e-21,8.950514779143142e-22,0.101
0.9984133979933962,5460,540,9.066755230820324e-21,8.967120557954168e-22,0.101
1.000928754696271,5459,541,9.065094652939222e-21,8.983726336765194e-22,0.101
1.0014716349629487,5458,542,9.06343407505812e-21,9.00033211557622e-22,0.101
1.0015991711244174,5457,543,9.061773497177017e-21,9.016937894387247e-22,0.101
1.0030319213690027,5456,544,9.060112919295915e-21,9.033543673198273e-22,0.101
1.0039399667294058,5455,545,9.058452341414811e-21,9.050149452009299e-22,0.101
1.0055178842270813,5454,546,9.056791763533709e-21,9.066755230820325e-22,0.101
1.008584159318197,5453,547,9.055131185652607e-21,9.08336100963135e-22,0.101
1.011164945951871,5452,548,9.053470607771504e-21,9.099966788442378e-22,0.101
1.0111945603447758,5451,549,9.051810029890402e-21,9.116572567253404e-22,0.101
1.0112957786241286,5450,550,9.050149452009298e-21,9.13317834606443e-22,0.101
1.011552336674784,5449,551,9.048488874128196e-21,9.149784124875456e-22,0.101
1.0122452078735196,5448,552,9.046828296247094e-21,9.166389903686482e-22,0.101
1.0147001861581442,5447,553,9.04516771836599e-21,9.18299568249751e-22,0.101
1.0147886052096717,5446,554,9.043507140484889e-21,9.199601461308535e-22,0.101
1.0180551310477266,5445,555,9.041846562603785e-21,9.216207240119561e-22,0.101
1.0194816380604816,5444,556,9.040185984722683e-21,9.232813018930587e-22,0.101
1.0208507565955907,5443,557,9.038525406841581e-21,9.249418797741615e-22,0.101
1.0252037557451448,5442,558,9.036864828960477e-21,9.26602457655264e-22,0.101
1.027531758170098,5441,559,9.035204251079375e-21,9.282630355363666e-22,0.101
1.0277884722951718,5440,560,9.033543673198272e-21,9.299236134174692e-22,0.101
1.029997676162586,5439,561,9.03188309531717e-21,9.315841912985718e-22,0.101
1.0305573139753568,5438,562,9.030222517436068e-21,9.332447691796746e-22,0.101
1.0312181953321664,5437,563,9.028561939554964e-21,9.349053470607771e-22,0.101
1.0347191105347275,5436,564,9.026901361673862e-21,9.365659249418797e-22,0.101
1.0357985066610107,5435,565,9.025240783792759e-21,9.382265028229823e-22,0.101
1.0367849650212773,5434,566,9.023580205911657e-21,9.398870807040849e-22,0.101
1.0368846681250854,5433,567,9.021919628030555e-21,9.415476585851877e-22,0.101
1.0378242519544496,5432,568,9.020259050149451e-21,9.432082364662903e-22,0.101
1.0378658029741685,5431,569,9.018598472268349e-21,9.448688143473928e-22,0.101
1.038966620345312,5430,570,9.016937894387246e-21,9.465293922284954e-22,0.101
1.0409085816671608,5429,571,9.015277316506144e-21,9.48189970109598e-22,0.101
1.0419415862701307,5428,572,9.013616738625042e-21,9.498505479907008e-22,0.101
1.04515869612031,5427,573,9.011956160743938e-21,9.515111258718034e-22,0.101
1.046490214282051,5426,574,9.010295582862836e-21,9.53171703752906e-22,0.101
1.049303020760732,5425,575,9.008635004981733e-21,9.548322816340085e-22,0.101
1.0499285277734058,5424,576,9.00697442710063e-21,9.564928595151113e-22,0.101
1.0522203250788866,5423,577,9.005313849219529e-21,9.581534373962139e-22,0.101
1.0523499422621103,5422,578,9.003653271338425e-21,9.598140152773165e-22,0.101
1.0538121040722936,5421,579,9.001992693457323e-21,9.61474593158419e-22,0.101
1.0545142281181952,5420,580,9.00033211557622e-21,9.631351710395216e-22,0.101
1.0546869516076662,5419,581,8.998671537695117e-21,9.647957489206244e-22,0.101
1.0551237497652357,5418,582,8.997010959814015e-21,9.66456326801727e-22,0.101
1.057205153910769,5417,583,8.995350381932912e-21,9.681169046828296e-22,0.101
1.0574773292575954,5416,584,8.99368980405181e-21,9.697774825639322e-22,0.101
1.0631277460999455,5415,585,8.992029226170706e-21,9.714380604450347e-22,0.101
1.068079715866356,5414,586,8.990368648289604e-21,9.730986383261375e-22,0.101
1.0689902105862135,5413,587,8.988708070408502e-21,9.747592162072401e-22,0.101
1.0755973329998312,5412,588,8.987047492527399e-21,9.764197940883427e-22,0.101
1.075743286505671,5411,589,8.985386914646297e-21,9.780803719694453e-22,0.101
1.0764100318552932,5410,590,8.983726336765193e-21,9.797409498505479e-22,0.101
1.0770662473993309,5409,591,8.982065758884091e-21,9.814015277316506e-22,0.101
1.0818176362985048,5408,592,8.980405181002989e-21,9.830621056127532e-22,0.101
1.0838082663873658,5407,593,8.978744603121886e-21,9.847226834938558e-22,0.101
1.085151292459347,5406,594,8.977084025240784e-21,9.863832613749584e-22,0.101
1.0877788113637137,5405,595,8.97542344735968e-21,9.880438392560612e-22,0.101
1.0883040130598125,5404,596,8.973762869478578e-21,9.897044171371637e-22,0.101
1.0899238558034001,5403,597,8.972102291597476e-21,9.913649950182663e-22,0.101
1.093644883088311,5402,598,8.970441713716373e-21,9.930255728993689e-22,0.101
1.0965573281639116,5401,599,8.96878113583527e-21,9.946861507804715e-22,0.101
1.0990135266252212,5400,600,8.967120557954167e-21,9.963467286615743e-22,0.101
1.1051532860254927,5399,601,8.965459980073065e-21,9.980073065426768e-22,0.101
1.1086213753259457,5398,602,8.963799402191963e-21,9.996678844237794e-22,0.101
1.1087857752902592,5397,603,8.96213882431086e-21,1.001328462304882e-21,0.101
1.109059413122751,5396,604,8.960478246429757e-21,1.0029890401859846e-21,0.101
1.1191973874480277,5395,605,8.958817668548654e-21,1.0046496180670874e-21,0.101
1.1253707471995833,5394,606,8.957157090667552e-21,1.00631019594819e-21,0.101
1.1298935461163568,5393,607,8.95549651278645e-21,1.0079707738292925e-21,0.101
1.1315261533880157,5392,608,8.953835934905346e-21,1.0096313517103951e-21,0.101
1.1334442848048223,5391,609,8.952175357024244e-21,1.0112919295914977e-21,0.101
1.1353642332660667,5390,610,8.950514779143141e-21,1.0129525074726005e-21,0.101
1.1400564540374063,5389,611,8.948854201262039e-21,1.014613085353703e-21,0.101
1.141016689247443,5388,612,8.947193623380937e-21,1.0162736632348056e-21,0.101
1.142420072825105,5387,613,8.945533045499833e-21,1.0179342411159082e-21,0.101
1.1436811682674008,5386,614,8.943872467618731e-21,1.019594818997011e-21,0.101
1.1452201914932076,5385,615,8.942211889737628e-21,1.0212553968781136e-21,0.101
1.1466853070454115,5384,616,8.940551311856526e-21,1.0229159747592162e-21,0.101
1.1471536035573224,5383,617,8.938890733975424e-21,1.0245765526403188e-21,0.101
1.1507665300059393,5382,618,8.93723015609432e-21,1.0262371305214213e-21,0.101
1.1537561616132548,5381,619,8.935569578213218e-21,1.0278977084025241e-21,0.101
1.1539985487902857,5380,620,8.933909000332115e-21,1.0295582862836267e-21,0.101
1.155157486008721,5379,621,8.932248422451013e-21,1.0312188641647293e-21,0.101
1.1557348556912714,5378,622,8.93058784456991e-21,1.0328794420458319e-21,0.101
1.1596068803726274,5377,623,8.928927266688807e-21,1.0345400199269344e-21,0.101
1.1599318838569814,5376,624,8.927266688807705e-21,1.0362005978080372e-21,0.101
1.1609484234093976,5375,625,8.925606110926601e-21,1.0378611756891398e-21,0.101
1.1623451513236338,5374,626,8.9239455330455e-21,1.0395217535702424e-21,0.101
1.1625002395365422,5373,627,8.922284955164397e-21,1.041182331451345e-21,0.101
1.1654550825241035,5372,628,8.920624377283294e-21,1.0428429093324476e-21,0.101
1.1662776036892621,5371,629,8.918963799402192e-21,1.0445034872135503e-21,0.101
1.1691631694027451,5370,630,8.917303221521088e-21,1.046164065094653e-21,0.101
1.1701589030293258,5369,631,8.915642643639986e-21,1.0478246429757555e-21,0.101
1.1743631209749525,5368,632,8.913982065758884e-21,1.049485220856858e-21,0.101
1.1744752756950967,5367,633,8.912321487877781e-21,1.0511457987379608e-21,0.101
1.1753734159721567,5366,634,8.910660909996679e-21,1.0528063766190634e-21,0.101
1.179539080370909,5365,635,8.909000332115575e-21,1.054466954500166e-21,0.101
1.1823048988153984,5364,636,8.907339754234473e-21,1.0561275323812686e-21,0.101
1.1842948902639934,5363,637,8.905679176353371e-21,1.0577881102623712e-21,0.101
1.1843450566661062,5362,638,8.904018598472268e-21,1.059448688143474e-21,0.101
1.1849847805635072,5361,639,8.902358020591166e-21,1.0611092660245765e-21,0.101
1.1873846642644583,5360,640,8.900697442710062e-21,1.0627698439056791e-21,0.101
1.1888261074618698,5359,641,8.89903686482896e-21,1.0644304217867817e-21,0.101
1.1903907961207374,5358,642,8.897376286947858e-21,1.0660909996678843e-21,0.101
1.1929195665267747,5357,643,8.895715709066755e-21,1.067751577548987e-21,0.101
1.1949344201232528,5356,644,8.894055131185653e-21,1.0694121554300896e-21,0.101
1.1952256472019258,5355,645,8.892394553304549e-21,1.0710727333111922e-21,0.101
1.1972329845485838,5354,646,8.890733975423447e-21,1.0727333111922948e-21,0.101
1.1977509324186988,5353,647,8.889073397542345e-21,1.0743938890733976e-21,0.101
1.200789997244071,5352,648,8.887412819661241e-21,1.0760544669545002e-21,0.101
1.2018827878019005,5351,649,8.88575224178014e-21,1.0777150448356028e-21,0.101
1.203896565195364,5350,650,8.884091663899036e-21,1.0793756227167053e-21,0.101
1.2063755415391264,5349,651,8.882431086017934e-21,1.081036200597808e-21,0.101
1.2085877584364846,5348,652,8.880770508136832e-21,1.0826967784789107e-21,0.101
1.2100389477707585,5347,653,8.879109930255728e-21,1.0843573563600133e-21,0.101
1.2104801678444035,5346,654,8.877449352374626e-21,1.0860179342411159e-21,0.101
1.2128384080780321,5345,655,8.875788774493523e-21,1.0876785121222184e-21,0.101
1.2152181369918476,5344,656,8.874128196612421e-21,1.089339090003321e-21,0.101
1.2185316836440754,5343,657,8.872467618731319e-21,1.0909996678844238e-21,0.101
1.2255639592079135,5342,658,8.870807040850215e-21,1.0926602457655264e-21,0.101
1.228066194327941,5341,659,8.869146462969113e-21,1.094320823646629e-21,0.101
1.2285769072313053,5340,660,8.86748588508801e-21,1.0959814015277316e-21,0.101
1.2289222388704926,5339,661,8.865825307206908e-21,1.0976419794088341e-21,0.101
1.231486822122616,5338,662,8.864164729325806e-21,1.099302557289937e-21,0.101
1.2336618553494865,5337,663,8.862504151444702e-21,1.1009631351710395e-21,0.101
1.2370674553381213,5336,664,8.8608435735636e-21,1.102623713052142e-21,0.101
1.2382132871116267,5335,665,8.859182995682497e-21,1.1042842909332447e-21,0.101
1.239937049426665,5334,666,8.857522417801395e-21,1.1059448688143474e-21,0.101
1.24112397325742,5333,667,8.855861839920293e-21,1.10760544669545e-21,0.101
1.2425161697692533,5332,668,8.854201262039189e-21,1.1092660245765526e-21,0.101
1.2426514403985849,5331,669,8.852540684158087e-21,1.1109266024576552e-21,0.101
1.2442978607372528,5330,670,8.850880106276984e-21,1.1125871803387578e-21,0.101
1.2450351700149496,5329,671,8.849219528395881e-21,1.1142477582198605e-21,0.101
1.2473721946611696,5328,672,8.84755895051478e-21,1.1159083361009631e-21,0.101
1.2491070661820776,5327,673,8.845898372633676e-21,1.1175689139820657e-21,0.101
1.2499025765131657,5326,674,8.844237794752574e-21,1.1192294918631683e-21,0.101
1.253505375303261,5325,675,8.84257721687147e-21,1.1208900697442709e-21,0.101
1.2550880443918007,5324,676,8.840916638990368e-21,1.1225506476253737e-21,0.101
1.2557588773719675,5323,677,8.839256061109266e-21,1.1242112255064762e-21,0.101
1.2585250750825687,5322,678,8.837595483228163e-21,1.1258718033875788e-21,0.101
1.2606588576508295,5321,679,8.835934905347061e-21,1.1275323812686814e-21,0.101
1.2637244221285613,5320,680,8.834274327465957e-21,1.129192959149784e-21,0.101
1.267942462533654,5319,681,8.832613749584855e-21,1.1308535370308868e-21,0.101
1.2715334296347152,5318,682,8.830953171703752e-21,1.1325141149119893e-21,0.101
1.274085887723977,5317,683,8.82929259382265e-21,1.134174692793092e-21,0.101
1.2799237080595882,5316,684,8.827632015941548e-21,1.1358352706741945e-21,0.101
1.2819990706976008,5315,685,8.825971438060444e-21,1.1374958485552973e-21,0.101
1.2821644984556715,5314,686,8.824310860179342e-21,1.1391564264363999e-21,0.101
1.2858949516067888,5313,687,8.822650282298239e-21,1.1408170043175025e-21,0.101
1.2887167143234373,5312,688,8.820989704417137e-21,1.142477582198605e-21,0.101
1.290031776301315,5311,689,8.819329126536035e-21,1.1441381600797076e-21,0.101
1.2901497587446964,5310,690,8.817668548654931e-21,1.1457987379608104e-21,0.101
1.2912169708979346,5309,691,8.816007970773829e-21,1.147459315841913e-21,0.101
1.292652905914163,5308,692,8.814347392892726e-21,1.1491198937230156e-21,0.101
1.2948642898977114,5307,693,8.812686815011624e-21,1.1507804716041181e-21,0.101
1.295727770745282,5306,694,8.811026237130522e-21,1.1524410494852207e-21,0.101
1.2974796561788875,5305,695,8.809365659249418e-21,1.1541016273663235e-21,0.101
1.300065477549635,5304,696,8.807705081368316e-21,1.155762205247426e-21,0.101
1.3013267145680871,5303,697,8.806044503487212e-21,1.1574227831285287e-21,0.101
1.3053094763467945,5302,698,8.80438392560611e-21,1.1590833610096312e-21,0.101
1.3078935360377317,5301,699,8.802723347725008e-21,1.1607439388907338e-21,0.101
1.311377424177576,5300,700,8.801062769843905e-21,1.1624045167718366e-21,0.101
1.3124588159438764,5299,701,8.799402191962803e-21,1.1640650946529392e-21,0.101
1.3128143392292473,5298,702,8.7977416140817e-21,1.1657256725340418e-21,0.101
1.3177568454328068,5297,703,8.796081036200597e-21,1.1673862504151444e-21,0.101
1.3187173888165689,5296,704,8.794420458319495e-21,1.1690468282962471e-21,0.101
1.3195309186227855,5295,705,8.792759880438392e-21,1.1707074061773497e-21,0.101
1.3227281681649634,5294,706,8.79109930255729e-21,1.1723679840584523e-21,0.101
1.3245002194956512,5293,707,8.789438724676186e-21,1.1740285619395549e-21,0.101
1.3266150266434835,5292,708,8.787778146795084e-21,1.1756891398206575e-21,0.101
1.3289543318937822,5291,709,8.786117568913982e-21,1.1773497177017602e-21,0.101
1.33029266797051,5290,710,8.784456991032879e-21,1.1790102955828628e-21,0.101
1.330438533685674,5289,711,8.782796413151777e-21,1.1806708734639654e-21,0.101
1.3307562013850316,5288,712,8.781135835270673e-21,1.182331451345068e-21,0.101
1.3341258663791815,5287,713,8.779475257389571e-21,1.1839920292261706e-21,0.101
1.3344818365363558,5286,714,8.777814679508469e-21,1.1856526071072733e-21,0.101
1.3392626259718425,5285,715,8.776154101627366e-21,1.187313184988376e-21,0.101
1.3411247269410604,5284,716,8.774493523746264e-21,1.1889737628694785e-21,0.101
1.3421257999103735,5283,717,8.77283294586516e-21,1.1906343407505811e-21,0.101
1.3437664258150226,5282,718,8.771172367984058e-21,1.1922949186316837e-21,0.101
1.3458519672717355,5281,719,8.769511790102956e-21,1.1939554965127865e-21,0.101
1.3498446302428857,5280,720,8.767851212221852e-21,1.195616074393889e-21,0.101
1.3535712175586887,5279,721,8.76619063434075e-21,1.1972766522749916e-21,0.101
1.354787573989915,5278,722,8.764530056459647e-21,1.1989372301560942e-21,0.101
1.3559150843179553,5277,723,8.762869478578545e-21,1.200597808037197e-21,0.101
1.3589877089845712,5276,724,8.761208900697443e-21,1.2022583859182996e-21,0.101
1.3590179182888547,5275,725,8.75954832281634e-21,1.2039189637994021e-21,0.101
1.3602912185088498,5274,726,8.757887744935237e-21,1.2055795416805047e-21,0.101
1.3656360614448664,5273,727,8.756227167054134e-21,1.2072401195616073e-21,0.101
1.3661827040971495,5272,728,8.754566589173032e-21,1.20890069744271e-21,0.101
1.366976806312701,5271,729,8.75290601129193e-21,1.2105612753238127e-21,0.101
1.3685777289129029,5270,730,8.751245433410826e-21,1.2122218532049153e-21,0.101
1.3739712013286525,5269,731,8.749584855529724e-21,1.2138824310860178e-21,0.101
1.3745256976320719,5268,732,8.74792427764862e-21,1.2155430089671204e-21,0.101
1.37605958020362,5267,733,8.746263699767519e-21,1.2172035868482232e-21,0.101
1.3762158096869386,5266,734,8.744603121886417e-21,1.2188641647293258e-21,0.101
1.377685087099488,5265,735,8.742942544005313e-21,1.2205247426104284e-21,0.101
1.3782981139252384,5264,736,8.741281966124211e-21,1.222185320491531e-21,0.101
1.3808780291903628,5263,737,8.739621388243108e-21,1.2238458983726335e-21,0.101
1.381487643936815,5262,738,8.737960810362006e-21,1.2255064762537363e-21,0.101
1.3834760755023656,5261,739,8.736300232480904e-21,1.2271670541348389e-21,0.101
1.3852228576551067,5260,740,8.7346396545998e-21,1.2288276320159415e-21,0.101
1.391762730740675,5259,741,8.732979076718698e-21,1.230488209897044e-21,0.101
1.39288243758449,5258,742,8.731318498837594e-21,1.2321487877781468e-21,0.101
1.393202370237697,5257,743,8.729657920956492e-21,1.2338093656592494e-21,0.101
1.3947876209856105,5256,744,8.72799734307539e-21,1.235469943540352e-21,0.101
1.3955768385627785,5255,745,8.726336765194287e-21,1.2371305214214546e-21,0.101
1.3966233931721022,5254,746,8.724676187313185e-21,1.2387910993025572e-21,0.101
1.397804416497142,5253,747,8.723015609432081e-21,1.24045167718366e-21,0.101
1.3981876765216426,5252,748,8.72135503155098e-21,1.2421122550647625e-21,0.101
1.3992972533794648,5251,749,8.719694453669877e-21,1.2437728329458651e-21,0.101
1.4016396867766863,5250,750,8.718033875788774e-21,1.2454334108269677e-21,0.101
1.4022085755710145,5249,751,8.716373297907672e-21,1.2470939887080703e-21,0.101
1.4048510673940484,5248,752,8.714712720026568e-21,1.248754566589173e-21,0.101
1.4065002136039362,5247,753,8.713052142145466e-21,1.2504151444702756e-21,0.101
1.4072436918990952,5246,754,8.711391564264364e-21,1.2520757223513782e-21,0.101
1.4089588781783298,5245,755,8.70973098638326e-21,1.2537363002324808e-21,0.101
1.4116755576912134,5244,756,8.708070408502159e-21,1.2553968781135834e-21,0.101
1.4142061434348931,5243,757,8.706409830621055e-21,1.2570574559946861e-21,0.101
1.4143559266797918,5242,758,8.704749252739953e-21,1.2587180338757887e-21,0.101
1.4160348000114518,5241,759,8.703088674858851e-21,1.2603786117568913e-21,0.101
1.4174272449120386,5240,760,8.701428096977748e-21,1.2620391896379939e-21,0.101
1.4181279816040866,5239,761,8.699767519096646e-21,1.2636997675190967e-21,0.101
1.4221028001425882,5238,762,8.698106941215542e-21,1.2653603454001993e-21,0.101
1.424915076926623,5237,763,8.69644636333444e-21,1.2670209232813018e-21,0.101
1.4301885398272016,5236,764,8.694785785453338e-21,1.2686815011624044e-21,0.101
1.430208333342342,5235,765,8.693125207572234e-21,1.270342079043507e-21,0.101
1.4302733374551457,5234,766,8.691464629691132e-21,1.2720026569246098e-21,0.101
1.4330568692180654,5233,767,8.689804051810029e-21,1.2736632348057124e-21,0.101
1.4338789392385154,5232,768,8.688143473928927e-21,1.275323812686815e-21,0.101
1.4346094136460612,5231,769,8.686482896047825e-21,1.2769843905679175e-21,0.101
1.437261215811023,5230,770,8.684822318166721e-21,1.2786449684490201e-21,0.101
1.4373797312642362,5229,771,8.68316174028562e-21,1.2803055463301229e-21,0.101
1.4407883426635877,5228,772,8.681501162404516e-21,1.2819661242112255e-21,0.101
1.445136476024152,5227,773,8.679840584523414e-21,1.283626702092328e-21,0.101
1.4461168651865957,5226,774,8.678180006642312e-21,1.2852872799734306e-21,0.101
1.4461299928097173,5225,775,8.676519428761208e-21,1.2869478578545334e-21,0.101
1.4492105139801523,5224,776,8.674858850880106e-21,1.288608435735636e-21,0.101
1.4493645513547633,5223,777,8.673198272999003e-21,1.2902690136167386e-21,0.101
1.4515800982810043,5222,778,8.6715376951179e-21,1.2919295914978412e-21,0.101
1.4517861532621168,5221,779,8.669877117236799e-21,1.2935901693789437e-21,0.101
1.4527947497768685,5220,780,8.668216539355695e-21,1.2952507472600465e-21,0.101
1.45404871084529,5219,781,8.666555961474593e-21,1.2969113251411491e-21,0.101
1.4548840752273808,5218,782,8.66489538359349e-21,1.2985719030222517e-21,0.101
1.4563479949170515,5217,783,8.663234805712388e-21,1.3002324809033543e-21,0.101
1.4586242777892888,5216,784,8.661574227831286e-21,1.3018930587844569e-21,0.101
1.459045114489856,5215,785,8.659913649950182e-21,1.3035536366655596e-21,0.101
1.4598477100373408,5214,786,8.65825307206908e-21,1.3052142145466622e-21,0.101
1.4644393706898773,5213,787,8.656592494187976e-21,1.3068747924277648e-21,0.101
1.464526785235186,5212,788,8.654931916306874e-21,1.3085353703088674e-21,0.101
1.4646035344666837,5211,789,8.653271338425772e-21,1.31019594818997e-21,0.101
1.471729489617619,5210,790,8.651610760544669e-21,1.3118565260710727e-21,0.101
1.475878645812898,5209,791,8.649950182663567e-21,1.3135171039521753e-21,0.101
1.4771039238791523,5208,792,8.648289604782463e-21,1.3151776818332779e-21,0.101
1.4774083783441143,5207,793,8.646629026901361e-21,1.3168382597143805e-21,0.101
1.4774992308266257,5206,794,8.64496844902026e-21,1.3184988375954833e-21,0.101
1.4788100667502024,5205,795,8.643307871139156e-21,1.3201594154765858e-21,0.101
1.4788900384287746,5204,796,8.641647293258054e-21,1.3218199933576884e-21,0.101
1.480916861514633,5203,797,8.63998671537695e-21,1.323480571238791e-21,0.101
1.4817050224854844,5202,798,8.638326137495848e-21,1.3251411491198936e-21,0.101
1.4833796079064128,5201,799,8.636665559614746e-21,1.3268017270009964e-21,0.101
1.4843965511226649,5200,800,8.635004981733643e-21,1.328462304882099e-21,0.101
1.4845877917359598,5199,801,8.63334440385254e-21,1.3301228827632015e-21,0.101
1.4852967443611242,5198,802,8.631683825971437e-21,1.3317834606443041e-21,0.101
1.4909592264639113,5197,803,8.630023248090335e-21,1.3334440385254067e-21,0.101
1.491068166010931,5196,804,8.628362670209233e-21,1.3351046164065095e-21,0.101
1.492850804944226,5195,805,8.62670209232813e-21,1.336765194287612e-21,0.101
1.4954133649941874,5194,806,8.625041514447028e-21,1.3384257721687146e-21,0.101
1.4964889885006856,5193,807,8.623380936565924e-21,1.3400863500498172e-21,0.101
1.4979737722019937,5192,808,8.621720358684822e-21,1.3417469279309198e-21,0.101
1.5000664939174262,5191,809,8.62005978080372e-21,1.3434075058120226e-21,0.101
1.501285672596077,5190,810,8.618399202922616e-21,1.3450680836931252e-21,0.101
1.5090807440120868,5189,811,8.616738625041514e-21,1.3467286615742278e-21,0.101
1.512193719949285,5188,812,8.615078047160411e-21,1.3483892394553303e-21,0.101
1.5149485993332148,5187,813,8.613417469279309e-21,1.3500498173364331e-21,0.101
1.5151039785481752,5186,814,8.611756891398207e-21,1.3517103952175357e-21,0.101
1.5174156543319945,5185,815,8.610096313517103e-21,1.3533709730986383e-21,0.101
1.5186726040589746,5184,816,8.608435735636001e-21,1.3550315509797409e-21,0.101
1.5202604351584206,5183,817,8.606775157754898e-21,1.3566921288608434e-21,0.101
1.5221944104223986,5182,818,8.605114579873796e-21,1.3583527067419462e-21,0.101
1.522215900177691,5181,819,8.603454001992694e-21,1.3600132846230488e-21,0.101
1.5238605228270452,5180,820,8.60179342411159e-21,1.3616738625041514e-21,0.101
1.529476263411349,5179,821,8.600132846230488e-21,1.363334440385254e-21,0.101
1.5320685716123177,5178,822,8.598472268349385e-21,1.3649950182663566e-21,0.101
1.5373274243703539,5177,823,8.596811690468283e-21,1.3666555961474593e-21,0.101
1.5411406047765632,5176,824,8.59515111258718e-21,1.368316174028562e-21,0.101
1.5428366808953355,5175,825,8.593490534706077e-21,1.3699767519096645e-21,0.101
1.545591545894754,5174,826,8.591829956824975e-21,1.371637329790767e-21,0.101
1.5466828529857883,5173,827,8.590169378943872e-21,1.3732979076718697e-21,0.101
1.5489533388616064,5172,828,8.58850880106277e-21,1.3749584855529724e-21,0.101
1.555123087333395,5171,829,8.586848223181666e-21,1.376619063434075e-21,0.101
1.5553656507602147,5170,830,8.585187645300564e-21,1.3782796413151776e-21,0.101
1.5579629947552518,5169,831,8.583527067419462e-21,1.3799402191962802e-21,0.101
1.5580647361156126,5168,832,8.581866489538359e-21,1.381600797077383e-21,0.101
1.5585918364295996,5167,833,8.580205911657257e-21,1.3832613749584855e-21,0.101
1.5613602427127924,5166,834,8.578545333776153e-21,1.3849219528395881e-21,0.101
1.5619967884277328,5165,835,8.576884755895051e-21,1.3865825307206907e-21,0.101
1.5619991770893342,5164,836,8.575224178013949e-21,1.3882431086017933e-21,0.101
1.5658951380139483,5163,837,8.573563600132845e-21,1.389903686482896e-21,0.101
1.566105904615385,5162,838,8.571903022251743e-21,1.3915642643639986e-21,0.101
1.5673211372474436,5161,839,8.57024244437064e-21,1.3932248422451012e-21,0.101
1.567987370164796,5160,840,8.568581866489538e-21,1.3948854201262038e-21,0.101
1.5688771051052832,5159,841,8.566921288608436e-21,1.3965459980073064e-21,0.101
1.569070365703988,5158,842,8.565260710727332e-21,1.3982065758884092e-21,0.101
1.5716421741676834,5157,843,8.56360013284623e-21,1.3998671537695118e-21,0.101
1.5740387818710697,5156,844,8.561939554965127e-21,1.4015277316506143e-21,0.101
1.576198718868586,5155,845,8.560278977084025e-21,1.403188309531717e-21,0.101
1.5774104257121462,5154,846,8.558618399202923e-21,1.4048488874128195e-21,0.101
1.5791500426713645,5153,847,8.556957821321819e-21,1.4065094652939223e-21,0.101
1.5819590376562482,5152,848,8.555297243440717e-21,1.4081700431750249e-21,0.101
1.5830040925957805,5151,849,8.553636665559614e-21,1.4098306210561274e-21,0.101
1.583136473138516,5150,850,8.551976087678512e-21,1.41149119893723e-21,0.101
1.5851837467375414,5149,851,8.55031550979741e-21,1.4131517768183328e-21,0.101
1.5857850786123349,5148,852,8.548654931916306e-21,1.4148123546994354e-21,0.101
1.5930293501118649,5147,853,8.546994354035204e-21,1.416472932580538e-21,0.101
1.5968771143493312,5146,854,8.5453337761541e-21,1.4181335104616406e-21,0.101
1.5997264529140647,5145,855,8.543673198272999e-21,1.4197940883427431e-21,0.101
1.6004292338279158,5144,856,8.542012620391897e-21,1.421454666223846e-21,0.101
1.6023674821499587,5143,857,8.540352042510793e-21,1.4231152441049485e-21,0.101
1.604032024046698,5142,858,8.538691464629691e-21,1.424775821986051e-21,0.101
1.60809880381592,5141,859,8.537030886748587e-21,1.4264363998671537e-21,0.101
1.6096760142035302,5140,860,8.535370308867485e-21,1.4280969777482562e-21,0.101
1.6133943223480358,5139,861,8.533709730986383e-21,1.429757555629359e-21,0.101
1.6147459174884424,5138,862,8.53204915310528e-21,1.4314181335104616e-21,0.101
1.6154917062407737,5137,863,8.530388575224178e-21,1.4330787113915642e-21,0.101
1.615670190653283,5136,864,8.528727997343074e-21,1.4347392892726668e-21,0.101
1.616066770122234,5135,865,8.527067419461972e-21,1.4363998671537694e-21,0.101
1.6167403881845834,5134,866,8.52540684158087e-21,1.4380604450348721e-21,0.101
1.6198572750180524,5133,867,8.523746263699767e-21,1.4397210229159747e-21,0.101
1.6200199789930463,5132,868,8.522085685818665e-21,1.4413816007970773e-21,0.101
1.6228754928715325,5131,869,8.520425107937561e-21,1.4430421786781799e-21,0.101
1.6237269416794837,5130,870,8.518764530056459e-21,1.4447027565592826e-21,0.101
1.6239456851317344,5129,871,8.517103952175357e-21,1.4463633344403852e-21,0.101
1.6259121920891912,5128,872,8.515443374294254e-21,1.4480239123214878e-21,0.101
1.6268618426792465,5127,873,8.513782796413152e-21,1.4496844902025904e-21,0.101
1.628271056691965,5126,874,8.512122218532048e-21,1.451345068083693e-21,0.101
1.630635819896061,5125,875,8.510461640650946e-21,1.4530056459647958e-21,0.101
1.6309959336352708,5124,876,8.508801062769844e-21,1.4546662238458983e-21,0.101
1.633093561918341,5123,877,8.50714048488874e-21,1.456326801727001e-21,0.101
1.6335508861471695,5122,878,8.505479907007639e-21,1.4579873796081035e-21,0.101
1.6357379758872694,5121,879,8.503819329126535e-21,1.459647957489206e-21,0.101
1.6360252212925923,5120,880,8.502158751245433e-21,1.4613085353703089e-21,0.101
1.636962068486593,5119,881,8.500498173364331e-21,1.4629691132514114e-21,0.101
1.638538254095588,5118,882,8.498837595483227e-21,1.464629691132514e-21,0.101
1.6459669554745848,5117,883,8.497177017602125e-21,1.4662902690136166e-21,0.101
1.6463185301338275,5116,884,8.495516439721022e-21,1.4679508468947194e-21,0.101
1.6472823624156698,5115,885,8.49385586183992e-21,1.469611424775822e-21,0.101
1.6477394994673458,5114,886,8.492195283958818e-21,1.4712720026569246e-21,0.101
1.6508848249372914,5113,887,8.490534706077714e-21,1.4729325805380271e-21,0.101
1.6584316867887514,5112,888,8.488874128196612e-21,1.4745931584191297e-21,0.101
1.658579569406815,5111,889,8.487213550315509e-21,1.4762537363002325e-21,0.101
1.659575261442124,5110,890,8.485552972434407e-21,1.477914314181335e-21,0.101
1.659627588651737,5109,891,8.483892394553305e-21,1.4795748920624377e-21,0.101
1.6612460969698222,5108,892,8.482231816672201e-21,1.4812354699435402e-21,0.101
1.6641130268308093,5107,893,8.480571238791099e-21,1.4828960478246428e-21,0.101
1.6654969959877433,5106,894,8.478910660909996e-21,1.4845566257057456e-21,0.101
1.6700679244605352,5105,895,8.477250083028894e-21,1.4862172035868482e-21,0.101
1.6713965791512428,5104,896,8.475589505147792e-21,1.4878777814679508e-21,0.101
1.6763862629269166,5103,897,8.473928927266688e-21,1.4895383593490534e-21,0.101
1.676404332504633,5102,898,8.472268349385586e-21,1.491198937230156e-21,0.101
1.6772164285504967,5101,899,8.470607771504483e-21,1.4928595151112587e-21,0.101
1.6772335660584614,5100,900,8.46894719362338e-21,1.4945200929923613e-21,0.101
1.677360973625812,5099,901,8.467286615742279e-21,1.4961806708734639e-21,0.101
1.6805371570565626,5098,902,8.465626037861175e-21,1.4978412487545665e-21,0.101
1.6828900052931106,5097,903,8.463965459980073e-21,1.4995018266356692e-21,0.101
1.6852530384507742,5096,904,8.46230488209897e-21,1.5011624045167718e-21,0.101
1.6857258139681748,5095,905,8.460644304217867e-21,1.5028229823978744e-21,0.101
1.686249719858427,5094,906,8.458983726336765e-21,1.504483560278977e-21,0.101
1.692081269114137,5093,907,8.457323148455662e-21,1.5061441381600796e-21,0.101
1.6984285622373212,5092,908,8.45566257057456e-21,1.5078047160411823e-21,0.101
1.7002156753253963,5091,909,8.454001992693456e-21,1.509465293922285e-21,0.101
1.7028354571018267,5090,910,8.452341414812354e-21,1.5111258718033875e-21,0.101
1.704409603936377,5089,911,8.450680836931252e-21,1.5127864496844901e-21,0.101
1.7068684842276614,5088,912,8.449020259050149e-21,1.5144470275655927e-21,0.101
1.7076490735128127,5087,913,8.447359681169047e-21,1.5161076054466955e-21,0.101
1.7093241725867752,5086,914,8.445699103287943e-21,1.517768183327798e-21,0.101
1.7103172674394653,5085,915,8.444038525406841e-21,1.5194287612089006e-21,0.101
1.7103598124816126,5084,916,8.442377947525739e-21,1.5210893390900032e-21,0.101
1.7108242939152885,5083,917,8.440717369644636e-21,1.5227499169711058e-21,0.101
1.711324457465974,5082,918,8.439056791763534e-21,1.5244104948522086e-21,0.101
1.7123812649669763,5081,919,8.43739621388243e-21,1.5260710727333111e-21,0.101
1.7143836606263463,5080,920,8.435735636001328e-21,1.5277316506144137e-21,0.101
1.7145762765279564,5079,921,8.434075058120226e-21,1.5293922284955163e-21,0.101
1.71520652744803,5078,922,8.432414480239123e-21,1.531052806376619e-21,0.101
1.7156017233697585,5077,923,8.43075390235802e-21,1.5327133842577217e-21,0.101
1.7219258693747517,5076,924,8.429093324476917e-21,1.5343739621388243e-21,0.101
1.7249085613841402,5075,925,8.427432746595815e-21,1.5360345400199268e-21,0.101
1.725334630225396,5074,926,8.425772168714713e-21,1.5376951179010294e-21,0.101
1.7272694316727886,5073,927,8.42411159083361e-21,1.5393556957821322e-21,0.101
1.7323326511706914,5072,928,8.422451012952507e-21,1.5410162736632348e-21,0.101
1.7345801956557767,5071,929,8.420790435071404e-21,1.5426768515443374e-21,0.101
1.7367856940563586,5070,930,8.419129857190302e-21,1.54433742942544e-21,0.101
1.7376262559330757,5069,931,8.4174692793092e-21,1.5459980073065425e-21,0.101
1.7380091818508288,5068,932,8.415808701428096e-21,1.5476585851876453e-21,0.101
1.7385218539633158,5067,933,8.414148123546994e-21,1.5493191630687479e-21,0.101
1.7392321489741875,5066,934,8.412487545665891e-21,1.5509797409498505e-21,0.101
1.7402752041507186,5065,935,8.410826967784789e-21,1.552640318830953e-21,0.101
1.742427836198695,5064,936,8.409166389903687e-21,1.5543008967120556e-21,0.101
1.7425549954928576,5063,937,8.407505812022583e-21,1.5559614745931584e-21,0.101
1.7432375990865805,5062,938,8.405845234141481e-21,1.557622052474261e-21,0.101
1.744669700797992,5061,939,8.404184656260378e-21,1.5592826303553636e-21,0.101
1.7450918879468356,5060,940,8.402524078379276e-21,1.5609432082364662e-21,0.101
1.7454683371000157,5059,941,8.400863500498174e-21,1.562603786117569e-21,0.101
1.746373246532475,5058,942,8.39920292261707e-21,1.5642643639986715e-21,0.101
1.7478073933937412,5057,943,8.397542344735968e-21,1.5659249418797741e-21,0.101
1.748467710171154,5056,944,8.395881766854865e-21,1.5675855197608767e-21,0.101
1.750317272854454,5055,945,8.394221188973763e-21,1.5692460976419793e-21,0.101
1.750828951748537,5054,946,8.39256061109266e-21,1.570906675523082e-21,0.101
1.7514918036434601,5053,947,8.390900033211557e-21,1.5725672534041846e-21,0.101
1.7523267330834726,5052,948,8.389239455330455e-21,1.5742278312852872e-21,0.101
1.7598835052212276,5051,949,8.387578877449351e-21,1.5758884091663898e-21,0.101
1.7611455689992763,5050,950,8.38591829956825e-21,1.5775489870474924e-21,0.101
1.7643386222247333,5049,951,8.384257721687147e-21,1.5792095649285951e-21,0.101
1.764453497648671,5048,952,8.382597143806044e-21,1.5808701428096977e-21,0.101
1.7664721072986118,5047,953,8.380936565924942e-21,1.5825307206908003e-21,0.101
1.7672573160697835,5046,954,8.379275988043838e-21,1.5841912985719029e-21,0.101
1.7709126826371193,5045,955,8.377615410162736e-21,1.5858518764530055e-21,0.101
1.7744900835021906,5044,956,8.375954832281634e-21,1.5875124543341083e-21,0.101
1.7759033630807142,5043,957,8.374294254400531e-21,1.5891730322152108e-21,0.101
1.7772975712289998,5042,958,8.372633676519429e-21,1.5908336100963134e-21,0.101
1.7786258080733146,5041,959,8.370973098638325e-21,1.592494187977416e-21,0.101
1.7788095062312923,5040,960,8.369312520757223e-21,1.5941547658585188e-21,0.101
1.7791311621774124,5039,961,8.367651942876121e-21,1.5958153437396214e-21,0.101
1.786342090321924,5038,962,8.365991364995018e-21,1.597475921620724e-21,0.101
1.7872080216859398,5037,963,8.364330787113916e-21,1.5991364995018265e-21,0.101
1.7873639430263948,5036,964,8.362670209232812e-21,1.6007970773829291e-21,0.101
1.7883628739192294,5035,965,8.36100963135171e-21,1.6024576552640319e-21,0.101
1.7892533663297052,5034,966,8.359349053470608e-21,1.6041182331451345e-21,0.101
1.790234008831751,5033,967,8.357688475589505e-21,1.605778811026237e-21,0.101
1.7911793652614716,5032,968,8.356027897708403e-21,1.6074393889073396e-21,0.101
1.7927204460740562,5031,969,8.354367319827299e-21,1.6090999667884422e-21,0.101
1.7932102678202888,5030,970,8.352706741946197e-21,1.610760544669545e-21,0.101
1.7969869746999882,5029,971,8.351046164065095e-21,1.6124211225506476e-21,0.101
1.7973661301057993,5028,972,8.349385586183992e-21,1.6140817004317502e-21,0.101
1.7987278674012175,5027,973,8.34772500830289e-21,1.6157422783128527e-21,0.101
1.799781947780034,5026,974,8.346064430421786e-21,1.6174028561939553e-21,0.101
1.8003263239700544,5025,975,8.344403852540684e-21,1.6190634340750581e-21,0.101
1.8025207379109454,5024,976,8.34274327465958e-21,1.6207240119561607e-21,0.101
1.8031582674304834,5023,977,8.341082696778478e-21,1.6223845898372633e-21,0.101
1.8036326541408068,5022,978,8.339422118897376e-21,1.6240451677183659e-21,0.101
1.80514227654639,5021,979,8.337761541016273e-21,1.6257057455994686e-21,0.101
1.8072430219076931,5020,980,8.336100963135171e-21,1.6273663234805712e-21,0.101
1.8072794130224734,5019,981,8.334440385254067e-21,1.6290269013616738e-21,0.101
1.81155356611154,5018,982,8.332779807372965e-21,1.6306874792427764e-21,0.101
1.8130273772147005,5017,983,8.331119229491863e-21,1.632348057123879e-21,0.101
1.8134918259657742,5016,984,8.32945865161076e-21,1.6340086350049817e-21,0.101
1.8143241257158473,5015,985,8.327798073729658e-21,1.6356692128860843e-21,0.101
1.8169798265924515,5014,986,8.326137495848554e-21,1.6373297907671869e-21,0.101
1.8192740285715705,5013,987,8.324476917967452e-21,1.6389903686482895e-21,0.101
1.8215574532318624,5012,988,8.32281634008635e-21,1.640650946529392e-21,0.101
1.8232870531724423,5011,989,8.321155762205247e-21,1.6423115244104948e-21,0.101
1.8233302304327508,5010,990,8.319495184324145e-21,1.6439721022915974e-21,0.101
1.8259745880909937,5009,991,8.317834606443041e-21,1.6456326801727e-21,0.101
1.8260611953177577,5008,992,8.316174028561939e-21,1.6472932580538026e-21,0.101
1.8273457559382311,5007,993,8.314513450680837e-21,1.6489538359349054e-21,0.101
1.828210860077897,5006,994,8.312852872799734e-21,1.650614413816008e-21,0.101
1.8289283384079962,5005,995,8.311192294918632e-21,1.6522749916971105e-21,0.101
1.8304898111267724,5004,996,8.309531717037528e-21,1.6539355695782131e-21,0.101
1.8306367691902026,5003,997,8.307871139156426e-21,1.6555961474593157e-21,0.101
1.830768424318871,5002,998,8.306210561275324e-21,1.6572567253404185e-21,0.101
1.831268661140378,5001,999,8.30454998339422e-21,1.658917303221521e-21,0.101
1.8327084846968906,5000,1000,8.302889405513118e-21,1.6605778811026236e-21,0.101
1.8405160143686101,4999,1001,8.301228827632015e-21,1.6622384589837262e-21,0.101
1.8448237904150686,4998,1002,8.299568249750913e-21,1.6638990368648288e-21,0.101
1.8456764731327446,4997,1003,8.297907671869811e-21,1.6655596147459316e-21,0.101
1.8459861573653198,4996,1004,8.296247093988707e-21,1.6672201926270342e-21,0.101
1.8491826089745755,4995,1005,8.294586516107605e-21,1.6688807705081367e-21,0.101
1.8500014922729202,4994,1006,8.292925938226502e-21,1.6705413483892393e-21,0.101
1.8506987725001496,4993,1007,8.2912653603454e-21,1.672201926270342e-21,0.101
1.8519861240537239,4992,1008,8.289604782464298e-21,1.6738625041514447e-21,0.101
1.854573021767276,4991,1009,8.287944204583194e-21,1.6755230820325473e-21,0.101
1.8591193386675828,4990,1010,8.286283626702092e-21,1.6771836599136499e-21,0.101
1.8596872369796904,4989,1011,8.284623048820989e-21,1.6788442377947524e-21,0.101
1.8612881225907538,4988,1012,8.282962470939887e-21,1.6805048156758552e-21,0.101
1.8615954430755732,4987,1013,8.281301893058785e-21,1.6821653935569578e-21,0.101
1.862558254525655,4986,1014,8.279641315177681e-21,1.6838259714380604e-21,0.101
1.8641353039221398,4985,1015,8.277980737296579e-21,1.685486549319163e-21,0.101
1.8652090464455229,4984,1016,8.276320159415476e-21,1.6871471272002655e-21,0.101
1.8676545332057901,4983,1017,8.274659581534374e-21,1.6888077050813683e-21,0.101
1.8679762529999222,4982,1018,8.272999003653272e-21,1.6904682829624709e-21,0.101
1.872758961268314,4981,1019,8.271338425772168e-21,1.6921288608435735e-21,0.101
1.877694540504901,4980,1020,8.269677847891066e-21,1.693789438724676e-21,0.101
1.8782108699763915,4979,1021,8.268017270009962e-21,1.6954500166057787e-21,0.101
1.8804296528532332,4978,1022,8.26635669212886e-21,1.6971105944868814e-21,0.101
1.8843147170376107,4977,1023,8.264696114247758e-21,1.698771172367984e-21,0.101
1.8844692810532329,4976,1024,8.263035536366655e-21,1.7004317502490866e-21,0.101
1.8849614730774629,4975,1025,8.261374958485553e-21,1.7020923281301894e-21,0.101
1.8859932671803445,4974,1026,8.25971438060445e-21,1.7037529060112918e-21,0.101
1.8878092743887736,4973,1027,8.258053802723347e-21,1.7054134838923945e-21,0.101
1.8886364744611572,4972,1028,8.256393224842245e-21,1.707074061773497e-21,0.101
1.8886821414438635,4971,1029,8.254732646961142e-21,1.7087346396545997e-21,0.101
1.8923244587371746,4970,1030,8.25307206908004e-21,1.7103952175357025e-21,0.101
1.8950210361009028,4969,1031,8.251411491198936e-21,1.712055795416805e-21,0.101
1.8979470218365304,4968,1032,8.249750913317834e-21,1.7137163732979076e-21,0.101
1.898922839908115,4967,1033,8.248090335436732e-21,1.71537695117901e-21,0.101
1.8993215755242652,4966,1034,8.246429757555629e-21,1.717037529060113e-21,0.101
1.8997589933983878,4965,1035,8.244769179674527e-21,1.7186981069412156e-21,0.101
1.90224507582081,4964,1036,8.243108601793423e-21,1.720358684822318e-21,0.101
1.9047237550717055,4963,1037,8.241448023912321e-21,1.7220192627034208e-21,0.101
1.9053703921727592,4962,1038,8.239787446031219e-21,1.723679840584523e-21,0.101
1.905691080710216,4961,1039,8.238126868150116e-21,1.725340418465626e-21,0.101
1.9069399320849396,4960,1040,8.236466290269014e-21,1.7270009963467287e-21,0.101
1.9109461221953672,4959,1041,8.23480571238791e-21,1.728661574227831e-21,0.101
1.9114482178177612,4958,1042,8.233145134506808e-21,1.730322152108934e-21,0.101
1.9125749982355305,4957,1043,8.231484556625706e-21,1.7319827299900366e-21,0.101
1.9196705041265523,4956,1044,8.229823978744602e-21,1.733643307871139e-21,0.101
1.9217956378154577,4955,1045,8.2281634008635e-21,1.7353038857522418e-21,0.101
1.9234757986904978,4954,1046,8.226502822982397e-21,1.7369644636333442e-21,0.101
1.9255945493961364,4953,1047,8.224842245101295e-21,1.738625041514447e-21,0.101
1.9297856227820809,4952,1048,8.223181667220193e-21,1.7402856193955497e-21,0.101
1.9303408752304523,4951,1049,8.22152108933909e-21,1.741946197276652e-21,0.101
1.9310840940235705,4950,1050,8.219860511457987e-21,1.743606775157755e-21,0.101
1.9313755843826195,4949,1051,8.218199933576884e-21,1.7452673530388573e-21,0.101
1.9352457822827993,4948,1052,8.216539355695782e-21,1.74692793091996e-21,0.101
1.9379047066644737,4947,1053,8.21487877781468e-21,1.748588508801063e-21,0.101
1.9397277226863536,4946,1054,8.213218199933576e-21,1.7502490866821652e-21,0.101
1.9415613593274752,4945,1055,8.211557622052474e-21,1.751909664563268e-21,0.101
1.9418004842529355,4944,1056,8.20989704417137e-21,1.7535702424443704e-21,0.101
1.9488838109387745,4943,1057,8.208236466290269e-21,1.755230820325473e-21,0.101
1.9501383569479642,4942,1058,8.206575888409167e-21,1.756891398206576e-21,0.101
1.9523249498079442,4941,1059,8.204915310528063e-21,1.7585519760876784e-21,0.101
1.9572940422992153,4940,1060,8.203254732646961e-21,1.760212553968781e-21,0.101
1.9610851163833771,4939,1061,8.201594154765858e-21,1.7618731318498835e-21,0.101
1.9646193556136242,4938,1062,8.199933576884756e-21,1.7635337097309863e-21,0.101
1.9681520241653443,4937,1063,8.198272999003654e-21,1.765194287612089e-21,0.101
1.9682467977495286,4936,1064,8.19661242112255e-21,1.7668548654931915e-21,0.101
1.9748200633353334,4935,1065,8.194951843241448e-21,1.7685154433742942e-21,0.101
1.977089797032514,4934,1066,8.193291265360344e-21,1.7701760212553966e-21,0.101
1.9775424015645664,4933,1067,8.191630687479242e-21,1.7718365991364994e-21,0.101
1.9787680254441635,4932,1068,8.18997010959814e-21,1.773497177017602e-21,0.101
1.9796532095627242,4931,1069,8.188309531717037e-21,1.7751577548987046e-21,0.101
1.9833313647487127,4930,1070,8.186648953835935e-21,1.7768183327798073e-21,0.101
1.984349715789857,4929,1071,8.184988375954831e-21,1.7784789106609097e-21,0.101
1.9846537615456126,4928,1072,8.18332779807373e-21,1.7801394885420125e-21,0.101
1.9848059691484115,4927,1073,8.181667220192627e-21,1.7818000664231153e-21,0.101
1.9851438717248944,4926,1074,8.180006642311524e-21,1.7834606443042177e-21,0.101
1.9857369454349418,4925,1075,8.178346064430422e-21,1.7851212221853204e-21,0.101
1.987745299016573,4924,1076,8.176685486549318e-21,1.7867818000664232e-21,0.101
1.988951141760523,4923,1077,8.175024908668216e-21,1.7884423779475256e-21,0.101
1.9895023053074532,4922,1078,8.173364330787114e-21,1.7901029558286284e-21,0.101
1.9909451550375181,4921,1079,8.17170375290601e-21,1.7917635337097308e-21,0.101
1.99402040141709,4920,1080,8.170043175024909e-21,1.7934241115908336e-21,0.101
1.9959531701054603,4919,1081,8.168382597143805e-21,1.7950846894719363e-21,0.101
1.9965451992777605,4918,1082,8.166722019262703e-21,1.7967452673530387e-21,0.101
1.9983773599814214,4917,1083,8.165061441381601e-21,1.7984058452341415e-21,0.101
2.000840319177965,4916,1084,8.163400863500498e-21,1.800066423115244e-21,0.101
2.004125975015336,4915,1085,8.161740285619396e-21,1.8017270009963467e-21,0.101
2.0051840366274205,4914,1086,8.160079707738292e-21,1.8033875788774494e-21,0.101
2.0057272952899754,4913,1087,8.15841912985719e-21,1.805048156758552e-21,0.101
2.007353787477203,4912,1088,8.156758551976088e-21,1.8067087346396546e-21,0.101
2.0088025789592927,4911,1089,8.155097974094984e-21,1.808369312520757e-21,0.101
2.008996205643791,4910,1090,8.153437396213882e-21,1.8100298904018598e-21,0.101
2.013355159518734,4909,1091,8.151776818332779e-21,1.8116904682829625e-21,0.101
2.01340553917345,4908,1092,8.150116240451677e-21,1.813351046164065e-21,0.101
2.0158428491481923,4907,1093,8.148455662570575e-21,1.8150116240451677e-21,0.101
2.0173857748010393,4906,1094,8.146795084689471e-21,1.81667220192627e-21,0.101
2.021690682384547,4905,1095,8.14513450680837e-21,1.818332779807373e-21,0.101
2.0239331623842247,4904,1096,8.143473928927266e-21,1.8199933576884757e-21,0.101
2.0257905481496783,4903,1097,8.141813351046164e-21,1.821653935569578e-21,0.101
2.0313324805073756,4902,1098,8.140152773165062e-21,1.823314513450681e-21,0.101
2.031895687084285,4901,1099,8.138492195283958e-21,1.8249750913317832e-21,0.101
2.032099847630007,4900,1100,8.136831617402856e-21,1.826635669212886e-21,0.101
2.035294039339752,4899,1101,8.135171039521753e-21,1.8282962470939888e-21,0.101
2.0354941034332996,4898,1102,8.13351046164065e-21,1.829956824975091e-21,0.101
2.0361608478065687,4897,1103,8.131849883759549e-21,1.831617402856194e-21,0.101
2.0368560631097687,4896,1104,8.130189305878445e-21,1.8332779807372963e-21,0.101
2.0392185485308736,4895,1105,8.128528727997343e-21,1.834938558618399e-21,0.101
2.0405095466161285,4894,1106,8.12686815011624e-21,1.836599136499502e-21,0.101
2.042889498109465,4893,1107,8.125207572235138e-21,1.8382597143806043e-21,0.101
2.0455300442236837,4892,1108,8.123546994354036e-21,1.839920292261707e-21,0.101
2.0463115249766846,4891,1109,8.121886416472932e-21,1.8415808701428094e-21,0.101
2.0468846952952426,4890,1110,8.12022583859183e-21,1.8432414480239122e-21,0.101
2.050341748420212,4889,1111,8.118565260710727e-21,1.844902025905015e-21,0.101
2.0511856262886097,4888,1112,8.116904682829624e-21,1.8465626037861174e-21,0.101
2.055817965304859,4887,1113,8.115244104948522e-21,1.84822318166722e-21,0.101
2.0583566482735693,4886,1114,8.113583527067419e-21,1.849883759548323e-21,0.101
2.0586777543719297,4885,1115,8.111922949186317e-21,1.8515443374294253e-21,0.101
2.0596795410017963,4884,1116,8.110262371305213e-21,1.853204915310528e-21,0.101
2.062167568003782,4883,1117,8.108601793424111e-21,1.8548654931916305e-21,0.101
2.0624940415265995,4882,1118,8.106941215543008e-21,1.8565260710727333e-21,0.101
2.062795553233676,4881,1119,8.105280637661906e-21,1.858186648953836e-21,0.101
2.063315812675587,4880,1120,8.103620059780804e-21,1.8598472268349384e-21,0.101
2.069462546384978,4879,1121,8.1019594818997e-21,1.8615078047160412e-21,0.101
2.0712683916924868,4878,1122,8.100298904018598e-21,1.8631683825971436e-21,0.101
2.0738318166578567,4877,1123,8.098638326137495e-21,1.8648289604782464e-21,0.101
2.0812280614875185,4876,1124,8.096977748256393e-21,1.866489538359349e-21,0.101
2.0830002464127166,4875,1125,8.09531717037529e-21,1.8681501162404515e-21,0.101
2.0838820761052093,4874,1126,8.093656592494187e-21,1.8698106941215543e-21,0.101
2.0840403242663514,4873,1127,8.091996014613085e-21,1.8714712720026567e-21,0.101
2.0862822782816184,4872,1128,8.090335436731982e-21,1.8731318498837595e-21,0.101
2.094677599874463,4871,1129,8.08867485885088e-21,1.8747924277648622e-21,0.101
2.096342060021332,4870,1130,8.087014280969778e-21,1.8764530056459646e-21,0.101
2.0968624317968585,4869,1131,8.085353703088674e-21,1.8781135835270674e-21,0.101
2.0972874045509475,4868,1132,8.083693125207572e-21,1.8797741614081698e-21,0.101
2.10408733727907,4867,1133,8.082032547326469e-21,1.8814347392892726e-21,0.101
2.105302059262355,4866,1134,8.080371969445367e-21,1.8830953171703753e-21,0.101
2.108501641908665,4865,1135,8.078711391564264e-21,1.8847558950514777e-21,0.101
2.11253289353004,4864,1136,8.077050813683161e-21,1.8864164729325805e-21,0.101
2.1138315499897873,4863,1137,8.075390235802059e-21,1.888077050813683e-21,0.101
2.1159490965042753,4862,1138,8.073729657920955e-21,1.8897376286947857e-21,0.101
2.116442613920158,4861,1139,8.072069080039853e-21,1.8913982065758885e-21,0.101
2.117114668880596,4860,1140,8.070408502158751e-21,1.893058784456991e-21,0.101
2.1187758480999643,4859,1141,8.068747924277648e-21,1.8947193623380936e-21,0.101
2.1211179586896147,4858,1142,8.067087346396546e-21,1.896379940219196e-21,0.101
2.123312525996311,4857,1143,8.065426768515442e-21,1.8980405181002988e-21,0.101
2.124363837047685,4856,1144,8.06376619063434e-21,1.8997010959814016e-21,0.101
2.1290070183021,4855,1145,8.062105612753238e-21,1.901361673862504e-21,0.101
2.1308042721278846,4854,1146,8.060445034872135e-21,1.9030222517436067e-21,0.101
2.1322820026795184,4853,1147,8.058784456991033e-21,1.904682829624709e-21,0.101
2.1328384874564006,4852,1148,8.057123879109929e-21,1.906343407505812e-21,0.101
2.1341883559822787,4851,1149,8.055463301228827e-21,1.9080039853869147e-21,0.101
2.1354275362297566,4850,1150,8.053802723347725e-21,1.909664563268017e-21,0.101
2.138009624558507,4849,1151,8.052142145466622e-21,1.91132514114912e-21,0.101
2.1381802480023437,4848,1152,8.05048156758552e-21,1.9129857190302226e-21,0.101
2.1415068531161583,4847,1153,8.048820989704416e-21,1.914646296911325e-21,0.101
2.1424316512617447,4846,1154,8.047160411823314e-21,1.9163068747924278e-21,0.101
2.143884552714491,4845,1155,8.045499833942212e-21,1.91796745267353e-21,0.101
2.147959431704223,4844,1156,8.043839256061109e-21,1.919628030554633e-21,0.101
2.1487545381256874,4843,1157,8.042178678180007e-21,1.9212886084357357e-21,0.101
2.1493635069772328,4842,1158,8.040518100298903e-21,1.922949186316838e-21,0.101
2.1506340920661007,4841,1159,8.038857522417801e-21,1.924609764197941e-21,0.101
2.1520929077837967,4840,1160,8.037196944536699e-21,1.9262703420790433e-21,0.101
2.152681616199562,4839,1161,8.035536366655595e-21,1.927930919960146e-21,0.101
2.1540295630275947,4838,1162,8.033875788774493e-21,1.929591497841249e-21,0.101
2.1570313200515825,4837,1163,8.03221521089339e-21,1.9312520757223512e-21,0.101
2.1594053602183036,4836,1164,8.030554633012288e-21,1.932912653603454e-21,0.101
2.161373726032077,4835,1165,8.028894055131186e-21,1.9345732314845564e-21,0.101
2.1674418825427666,4834,1166,8.027233477250082e-21,1.936233809365659e-21,0.101
2.1692677020808353,4833,1167,8.02557289936898e-21,1.937894387246762e-21,0.101
2.174751946606052,4832,1168,8.023912321487877e-21,1.9395549651278643e-21,0.101
2.1762864603314083,4831,1169,8.022251743606775e-21,1.941215543008967e-21,0.101
2.1766843450518794,4830,1170,8.020591165725673e-21,1.9428761208900695e-21,0.101
2.1840894879658763,4829,1171,8.018930587844569e-21,1.9445366987711723e-21,0.101
2.184836795952853,4828,1172,8.017270009963467e-21,1.946197276652275e-21,0.101
2.1857876821771414,4827,1173,8.015609432082364e-21,1.9478578545333774e-21,0.101
2.186735532980821,4826,1174,8.013948854201262e-21,1.9495184324144802e-21,0.101
2.189961784421193,4825,1175,8.01228827632016e-21,1.9511790102955826e-21,0.101
2.190299557994726,4824,1176,8.010627698439056e-21,1.9528395881766854e-21,0.101
2.1906397953832366,4823,1177,8.008967120557954e-21,1.954500166057788e-21,0.101
2.191122165095277,4822,1178,8.00730654267685e-21,1.9561607439388905e-21,0.101
2.19253837781889,4821,1179,8.005645964795749e-21,1.9578213218199933e-21,0.101
2.197131647068222,4820,1180,8.003985386914647e-21,1.9594818997010957e-21,0.101
2.2001176424022844,4819,1181,8.002324809033543e-21,1.9611424775821985e-21,0.101
2.2018453949168415,4818,1182,8.000664231152441e-21,1.9628030554633013e-21,0.101
2.2070362735079643,4817,1183,7.999003653271337e-21,1.9644636333444037e-21,0.101
2.2122094857854395,4816,1184,7.997343075390235e-21,1.9661242112255064e-21,0.101
2.21237033407956,4815,1185,7.995682497509133e-21,1.9677847891066092e-21,0.101
2.213704573201835,4814,1186,7.99402191962803e-21,1.9694453669877116e-21,0.101
2.216618150483756,4813,1187,7.992361341746928e-21,1.9711059448688144e-21,0.101
2.2203714678596036,4812,1188,7.990700763865824e-21,1.9727665227499168e-21,0.101
2.220502211657483,4811,1189,7.989040185984722e-21,1.9744271006310195e-21,0.101
2.222215169556232,4810,1190,7.98737960810362e-21,1.9760876785121223e-21,0.101
2.222452381943642,4809,1191,7.985719030222517e-21,1.9777482563932247e-21,0.101
2.223552664453786,4808,1192,7.984058452341415e-21,1.9794088342743275e-21,0.101
2.2276382144821185,4807,1193,7.982397874460311e-21,1.98106941215543e-21,0.101
2.229831433822199,4806,1194,7.980737296579209e-21,1.9827299900365326e-21,0.101
2.2310371096049146,4805,1195,7.979076718698107e-21,1.9843905679176354e-21,0.101
2.232531877279818,4804,1196,7.977416140817004e-21,1.9860511457987378e-21,0.101
2.2334268534706743,4803,1197,7.975755562935902e-21,1.9877117236798406e-21,0.101
2.2355525933355778,4802,1198,7.974094985054798e-21,1.989372301560943e-21,0.101
2.2360406620188904,4801,1199,7.972434407173696e-21,1.9910328794420457e-21,0.101
2.2366677341530345,4800,1200,7.970773829292594e-21,1.9926934573231485e-21,0.101
2.237046637906865,4799,1201,7.96911325141149e-21,1.994354035204251e-21,0.101
2.2379707190104456,4798,1202,7.967452673530389e-21,1.9960146130853537e-21,0.101
2.244968497021708,4797,1203,7.965792095649285e-21,1.997675190966456e-21,0.101
2.2463419290558724,4796,1204,7.964131517768183e-21,1.999335768847559e-21,0.101
2.247914125757227,4795,1205,7.962470939887081e-21,2.0009963467286616e-21,0.101
2.2505806562377355,4794,1206,7.960810362005977e-21,2.002656924609764e-21,0.101
2.251771984185952,4793,1207,7.959149784124875e-21,2.0043175024908668e-21,0.101
2.2530656478920457,4792,1208,7.957489206243772e-21,2.0059780803719692e-21,0.101
2.2579066966545023,4791,1209,7.95582862836267e-21,2.007638658253072e-21,0.101
2.261183944520785,4790,1210,7.954168050481568e-21,2.0092992361341747e-21,0.101
2.2692333205211663,4789,1211,7.952507472600464e-21,2.010959814015277e-21,0.101
2.2724086172944395,4788,1212,7.950846894719362e-21,2.01262039189638e-21,0.101
2.2740094150647034,4787,1213,7.949186316838259e-21,2.0142809697774823e-21,0.101
2.2752237042364607,4786,1214,7.947525738957157e-21,2.015941547658585e-21,0.101
2.285217533485169,4785,1215,7.945865161076055e-21,2.017602125539688e-21,0.101
2.2874180017522936,4784,1216,7.944204583194951e-21,2.0192627034207902e-21,0.101
2.2889678880627646,4783,1217,7.942544005313849e-21,2.020923281301893e-21,0.101
2.29017451691265,4782,1218,7.940883427432746e-21,2.0225838591829954e-21,0.101
2.302678110639121,4781,1219,7.939222849551644e-21,2.024244437064098e-21,0.101
2.3035849407264997,4780,1220,7.937562271670542e-21,2.025905014945201e-21,0.101
2.304166992319425,4779,1221,7.935901693789438e-21,2.0275655928263033e-21,0.101
2.305755519109186,4778,1222,7.934241115908336e-21,2.029226170707406e-21,0.101
2.306099367005348,4777,1223,7.932580538027233e-21,2.030886748588509e-21,0.101
2.306233071231261,4776,1224,7.93091996014613e-21,2.0325473264696113e-21,0.101
2.308140112185809,4775,1225,7.929259382265029e-21,2.034207904350714e-21,0.101
2.3099893793405646,4774,1226,7.927598804383925e-21,2.0358684822318165e-21,0.101
2.3165353650913705,4773,1227,7.925938226502823e-21,2.0375290601129192e-21,0.101
2.317144118569836,4772,1228,7.92427764862172e-21,2.039189637994022e-21,0.101
2.3198341506186715,4771,1229,7.922617070740617e-21,2.0408502158751244e-21,0.101
2.320401543846865,4770,1230,7.920956492859515e-21,2.042510793756227e-21,0.101
2.320694985524616,4769,1231,7.919295914978412e-21,2.0441713716373296e-21,0.101
2.3248486130442907,4768,1232,7.91763533709731e-21,2.0458319495184323e-21,0.101
2.327929688320773,4767,1233,7.915974759216206e-21,2.047492527399535e-21,0.101
2.329178667562534,4766,1234,7.914314181335104e-21,2.0491531052806375e-21,0.101
2.3329772814665373,4765,1235,7.912653603454002e-21,2.0508136831617403e-21,0.101
2.3351029497149516,4764,1236,7.910993025572899e-21,2.0524742610428427e-21,0.101
2.3353301049189876,4763,1237,7.909332447691797e-21,2.0541348389239454e-21,0.101
2.3385698355996194,4762,1238,7.907671869810693e-21,2.0557954168050482e-21,0.101
2.340143227933264,4761,1239,7.906011291929591e-21,2.0574559946861506e-21,0.101
2.3458024236277635,4760,1240,7.904350714048489e-21,2.0591165725672534e-21,0.101
2.351321635058609,4759,1241,7.902690136167386e-21,2.0607771504483558e-21,0.101
2.354649638542361,4758,1242,7.901029558286284e-21,2.0624377283294586e-21,0.101
2.355311056365371,4757,1243,7.89936898040518e-21,2.0640983062105613e-21,0.101
2.3569413652879985,4756,1244,7.897708402524078e-21,2.0657588840916637e-21,0.101
2.3620551109873222,4755,1245,7.896047824642976e-21,2.0674194619727665e-21,0.101
2.3665293948835706,4754,1246,7.894387246761873e-21,2.069080039853869e-21,0.101
2.3680314809203815,4753,1247,7.89272666888077e-21,2.0707406177349717e-21,0.101
2.3682850138227307,4752,1248,7.891066090999667e-21,2.0724011956160744e-21,0.101
2.368747974640161,4751,1249,7.889405513118565e-21,2.074061773497177e-21,0.101
2.3735975615972307,4750,1250,7.887744935237463e-21,2.0757223513782796e-21,0.101
2.3749594041947883,4749,1251,7.88608435735636e-21,2.077382929259382e-21,0.101
2.3757025692270393,4748,1252,7.884423779475257e-21,2.0790435071404848e-21,0.101
2.3808912857856437,4747,1253,7.882763201594154e-21,2.0807040850215875e-21,0.101
2.382355622259231,4746,1254,7.881102623713052e-21,2.08236466290269e-21,0.101
2.385028311456593,4745,1255,7.87944204583195e-21,2.0840252407837927e-21,0.101
2.3867972815398226,4744,1256,7.877781467950846e-21,2.085685818664895e-21,0.101
2.39129016091577,4743,1257,7.876120890069744e-21,2.087346396545998e-21,0.101
2.3919322074069256,4742,1258,7.874460312188641e-21,2.0890069744271006e-21,0.101
2.392155775724996,4741,1259,7.872799734307539e-21,2.090667552308203e-21,0.101
2.393236815737842,4740,1260,7.871139156426437e-21,2.092328130189306e-21,0.101
2.3973461691511804,4739,1261,7.869478578545333e-21,2.0939887080704086e-21,0.101
2.399319304363552,4738,1262,7.867818000664231e-21,2.095649285951511e-21,0.101
2.410407591033482,4737,1263,7.866157422783128e-21,2.0973098638326138e-21,0.101
2.411512796984581,4736,1264,7.864496844902026e-21,2.098970441713716e-21,0.101
2.416528114395549,4735,1265,7.862836267020922e-21,2.100631019594819e-21,0.101
2.4279414365565883,4734,1266,7.86117568913982e-21,2.1022915974759217e-21,0.101
2.4281773928358144,4733,1267,7.859515111258718e-21,2.103952175357024e-21,0.101
2.429106844771778,4732,1268,7.857854533377615e-21,2.105612753238127e-21,0.101
2.4298783557373893,4731,1269,7.856193955496513e-21,2.1072733311192293e-21,0.101
2.430531735332543,4730,1270,7.854533377615409e-21,2.108933909000332e-21,0.101
2.434668355153373,4729,1271,7.852872799734307e-21,2.1105944868814348e-21,0.101
2.4378473182887865,4728,1272,7.851212221853205e-21,2.1122550647625372e-21,0.101
2.439014531937701,4727,1273,7.849551643972102e-21,2.11391564264364e-21,0.101
2.4394643844751243,4726,1274,7.847891066091e-21,2.1155762205247424e-21,0.101
2.441258870946951,4725,1275,7.846230488209896e-21,2.117236798405845e-21,0.101
2.4429347339520806,4724,1276,7.844569910328794e-21,2.118897376286948e-21,0.101
2.444673227948706,4723,1277,7.842909332447692e-21,2.1205579541680503e-21,0.101
2.4451177284643677,4722,1278,7.841248754566588e-21,2.122218532049153e-21,0.101
2.446242389445311,4721,1279,7.839588176685486e-21,2.1238791099302555e-21,0.101
2.447471074693418,4720,1280,7.837927598804383e-21,2.1255396878113582e-21,0.101
2.4497585348915436,4719,1281,7.836267020923281e-21,2.127200265692461e-21,0.101
2.4504934479456653,4718,1282,7.834606443042179e-21,2.1288608435735634e-21,0.101
2.4570542736986267,4717,1283,7.832945865161075e-21,2.130521421454666e-21,0.101
2.458759628565846,4716,1284,7.831285287279973e-21,2.1321819993357686e-21,0.101
2.4588959385988427,4715,1285,7.82962470939887e-21,2.1338425772168714e-21,0.101
2.4593756320089586,4714,1286,7.827964131517768e-21,2.135503155097974e-21,0.101
2.4613892548208027,4713,1287,7.826303553636666e-21,2.1371637329790765e-21,0.101
2.470220338530566,4712,1288,7.824642975755562e-21,2.1388243108601793e-21,0.101
2.4732529683428486,4711,1289,7.82298239787446e-21,2.1404848887412817e-21,0.101
2.474948679059531,4710,1290,7.821321819993357e-21,2.1421454666223845e-21,0.101
2.4770064387803323,4709,1291,7.819661242112255e-21,2.1438060445034872e-21,0.101
2.477181997231389,4708,1292,7.818000664231153e-21,2.1454666223845896e-21,0.101
2.477276172791108,4707,1293,7.816340086350049e-21,2.1471272002656924e-21,0.101
2.479996727513473,4706,1294,7.814679508468947e-21,2.148787778146795e-21,0.101
2.4824717612193887,4705,1295,7.813018930587844e-21,2.1504483560278976e-21,0.101
2.489378423261969,4704,1296,7.811358352706742e-21,2.1521089339090003e-21,0.101
2.493309148075393,4703,1297,7.80969777482564e-21,2.1537695117901027e-21,0.101
2.4938888739987934,4702,1298,7.808037196944536e-21,2.1554300896712055e-21,0.101
2.4971694609575645,4701,1299,7.806376619063434e-21,2.1570906675523083e-21,0.101
2.500902053432948,4700,1300,7.80471604118233e-21,2.1587512454334107e-21,0.101
2.5027003763872995,4699,1301,7.803055463301228e-21,2.1604118233145135e-21,0.101
2.502786233794376,4698,1302,7.801394885420126e-21,2.162072401195616e-21,0.101
2.507560884541034,4697,1303,7.799734307539023e-21,2.1637329790767186e-21,0.101
2.507801233069494,4696,1304,7.798073729657921e-21,2.1653935569578214e-21,0.101
2.513304539494803,4695,1305,7.796413151776817e-21,2.1670541348389238e-21,0.101
2.5149638936682486,4694,1306,7.794752573895715e-21,2.1687147127200266e-21,0.101
2.515459316698933,4693,1307,7.793091996014613e-21,2.170375290601129e-21,0.101
2.51949107224132,4692,1308,7.79143141813351e-21,2.1720358684822317e-21,0.101
2.519756847930703,4691,1309,7.789770840252408e-21,2.1736964463633345e-21,0.101
2.5258002635726724,4690,1310,7.788110262371304e-21,2.175357024244437e-21,0.101
2.526223276398763,4689,1311,7.786449684490202e-21,2.1770176021255397e-21,0.101
2.526653830918795,4688,1312,7.7847891066091e-21,2.178678180006642e-21,0.101
2.531371638150391,4687,1313,7.783128528727997e-21,2.180338757887745e-21,0.101
2.5319327718555984,4686,1314,7.781467950846895e-21,2.1819993357688476e-21,0.101
2.531972005133223,4685,1315,7.779807372965791e-21,2.18365991364995e-21,0.101
2.533831089735206,4684,1316,7.778146795084689e-21,2.1853204915310528e-21,0.101
2.5339994182532872,4683,1317,7.776486217203587e-21,2.186981069412155e-21,0.101
2.5355569573856123,4682,1318,7.774825639322484e-21,2.188641647293258e-21,0.101
2.538134404541971,4681,1319,7.773165061441382e-21,2.1903022251743607e-21,0.101
2.542706731609073,4680,1320,7.771504483560278e-21,2.191962803055463e-21,0.101
2.550186389655574,4679,1321,7.769843905679176e-21,2.193623380936566e-21,0.101
2.5527576996896126,4678,1322,7.768183327798074e-21,2.1952839588176683e-21,0.101
2.5572965008730777,4677,1323,7.76652274991697e-21,2.196944536698771e-21,0.101
2.5624962935532487,4676,1324,7.764862172035868e-21,2.198605114579874e-21,0.101
2.5658483201321367,4675,1325,7.763201594154765e-21,2.2002656924609762e-21,0.101
2.566107925668908,4674,1326,7.761541016273663e-21,2.201926270342079e-21,0.101
2.5681495781915697,4673,1327,7.759880438392561e-21,2.2035868482231814e-21,0.101
2.5686574719266138,4672,1328,7.758219860511457e-21,2.205247426104284e-21,0.101
2.573444907738606,4671,1329,7.756559282630355e-21,2.206908003985387e-21,0.101
2.5747279827790566,4670,1330,7.754898704749252e-21,2.2085685818664893e-21,0.101
2.5774099498795167,4669,1331,7.75323812686815e-21,2.210229159747592e-21,0.101
2.578118902721061,4668,1332,7.751577548987048e-21,2.211889737628695e-21,0.101
2.5795809083595427,4667,1333,7.749916971105944e-21,2.2135503155097973e-21,0.101
2.5938117834989782,4666,1334,7.748256393224842e-21,2.2152108933909e-21,0.101
2.5960346691712837,4665,1335,7.746595815343739e-21,2.2168714712720024e-21,0.101
2.5961731011542994,4664,1336,7.744935237462637e-21,2.2185320491531052e-21,0.101
2.59990336505843,4663,1337,7.743274659581535e-21,2.220192627034208e-21,0.101
2.6009535471352003,4662,1338,7.741614081700431e-21,2.2218532049153104e-21,0.101
2.6022969663420006,4661,1339,7.739953503819329e-21,2.223513782796413e-21,0.101
2.6066807973891533,4660,1340,7.738292925938226e-21,2.2251743606775155e-21,0.101
2.61070477882893,4659,1341,7.736632348057124e-21,2.2268349385586183e-21,0.101
2.61338272624097,4658,1342,7.734971770176022e-21,2.228495516439721e-21,0.101
2.6172897468630376,4657,1343,7.733311192294918e-21,2.2301560943208235e-21,0.101
2.6207729972541682,4656,1344,7.731650614413816e-21,2.2318166722019263e-21,0.101
2.6208642205340293,4655,1345,7.729990036532712e-21,2.2334772500830286e-21,0.101
2.622044855781885,4654,1346,7.72832945865161e-21,2.2351378279641314e-21,0.101
2.62501230562513,4653,1347,7.726668880770508e-21,2.2367984058452342e-21,0.101
2.62636146106648,4652,1348,7.725008302889405e-21,2.2384589837263366e-21,0.101
2.6308746014934874,4651,1349,7.723347725008303e-21,2.2401195616074394e-21,0.101
2.634440911636677,4650,1350,7.7216871471272e-21,2.2417801394885418e-21,0.101
2.641378387412725,4649,1351,7.720026569246097e-21,2.2434407173696445e-21,0.101
2.6417518467037118,4648,1352,7.718365991364995e-21,2.2451012952507473e-21,0.101
2.6430165580449083,4647,1353,7.716705413483892e-21,2.2467618731318497e-21,0.101
2.644999166498029,4646,1354,7.71504483560279e-21,2.2484224510129525e-21,0.101
2.6478658142168103,4645,1355,7.713384257721686e-21,2.250083028894055e-21,0.101
2.6537495333756906,4644,1356,7.711723679840584e-21,2.2517436067751576e-21,0.101
2.6562560524536516,4643,1357,7.710063101959482e-21,2.2534041846562604e-21,0.101
2.6581152019228536,4642,1358,7.708402524078379e-21,2.2550647625373628e-21,0.101
2.6626960655905516,4641,1359,7.706741946197277e-21,2.2567253404184656e-21,0.101
2.665126287328011,4640,1360,7.705081368316173e-21,2.258385918299568e-21,0.101
2.6659471346100454,4639,1361,7.703420790435071e-21,2.2600464961806707e-21,0.101
2.66907172074129,4638,1362,7.701760212553969e-21,2.2617070740617735e-21,0.101
2.6743215589224936,4637,1363,7.700099634672866e-21,2.263367651942876e-21,0.101
2.6747570955769335,4636,1364,7.698439056791764e-21,2.2650282298239787e-21,0.101
2.6767839755596263,4635,1365,7.69677847891066e-21,2.266688807705081e-21,0.101
2.677265542907581,4634,1366,7.695117901029558e-21,2.268349385586184e-21,0.101
2.680505601117407,4633,1367,7.693457323148456e-21,2.2700099634672866e-21,0.101
2.685086830085187,4632,1368,7.691796745267352e-21,2.271670541348389e-21,0.101
2.6868777692291634,4631,1369,7.69013616738625e-21,2.2733311192294918e-21,0.101
2.6876339093091266,4630,1370,7.688475589505147e-21,2.2749916971105946e-21,0.101
2.6896743045493534,4629,1371,7.686815011624045e-21,2.276652274991697e-21,0.101
2.692903969632753,4628,1372,7.685154433742943e-21,2.2783128528727997e-21,0.101
2.6935034002791025,4627,1373,7.68349385586184e-21,2.279973430753902e-21,0.101
2.695894191791864,4626,1374,7.681833277980737e-21,2.281634008635005e-21,0.101
2.703428215293837,4625,1375,7.680172700099634e-21,2.2832945865161077e-21,0.101
2.705419092417823,4624,1376,7.678512122218532e-21,2.28495516439721e-21,0.101
2.7075072522599712,4623,1377,7.67685154433743e-21,2.286615742278313e-21,0.101
2.7082971841592864,4622,1378,7.675190966456326e-21,2.2882763201594152e-21,0.101
2.710787447384051,4621,1379,7.673530388575224e-21,2.289936898040518e-21,0.101
2.7118153912748615,4620,1380,7.67186981069412e-21,2.2915974759216208e-21,0.101
2.7119351275987196,4619,1381,7.670209232813019e-21,2.293258053802723e-21,0.101
2.7123284079593515,4618,1382,7.668548654931917e-21,2.294918631683826e-21,0.101
2.715469246061779,4617,1383,7.666888077050813e-21,2.2965792095649283e-21,0.101
2.7163043770939446,4616,1384,7.665227499169711e-21,2.298239787446031e-21,0.101
2.72458447872338,4615,1385,7.663566921288608e-21,2.299900365327134e-21,0.101
2.7314965615228357,4614,1386,7.661906343407506e-21,2.3015609432082363e-21,0.101
2.733428820728171,4613,1387,7.660245765526404e-21,2.303221521089339e-21,0.101
2.7370643368034684,4612,1388,7.6585851876453e-21,2.3048820989704415e-21,0.101
2.7437732981402663,4611,1389,7.656924609764198e-21,2.3065426768515442e-21,0.101
2.7444377174815666,4610,1390,7.655264031883094e-21,2.308203254732647e-21,0.101
2.7458092566153316,4609,1391,7.653603454001992e-21,2.3098638326137494e-21,0.101
2.7463936596619845,4608,1392,7.65194287612089e-21,2.311524410494852e-21,0.101
2.7494396383784583,4607,1393,7.650282298239787e-21,2.3131849883759546e-21,0.101
2.751404133620845,4606,1394,7.648621720358685e-21,2.3148455662570573e-21,0.101
2.7520092775094174,4605,1395,7.646961142477581e-21,2.31650614413816e-21,0.101
2.7520940763444988,4604,1396,7.64530056459648e-21,2.3181667220192625e-21,0.101
2.754074387515428,4603,1397,7.643639986715377e-21,2.3198272999003653e-21,0.101
2.756902181238632,4602,1398,7.641979408834274e-21,2.3214878777814677e-21,0.101
2.757644621627427,4601,1399,7.640318830953172e-21,2.3231484556625704e-21,0.101
2.758892399733996,4600,1400,7.638658253072068e-21,2.3248090335436732e-21,0.101
2.7597188903505074,4599,1401,7.636997675190966e-21,2.3264696114247756e-21,0.101
2.7605666959813404,4598,1402,7.635337097309864e-21,2.3281301893058784e-21,0.101
2.7641989211053475,4597,1403,7.63367651942876e-21,2.329790767186981e-21,0.101
2.7680952023601018,4596,1404,7.632015941547659e-21,2.3314513450680835e-21,0.101
2.7694693255475746,4595,1405,7.630355363666555e-21,2.3331119229491863e-21,0.101
2.769902260450049,4594,1406,7.628694785785453e-21,2.3347725008302887e-21,0.101
2.7700508531115196,4593,1407,7.627034207904351e-21,2.3364330787113915e-21,0.101
2.7715555889773844,4592,1408,7.625373630023248e-21,2.3380936565924943e-21,0.101
2.775718344281706,4591,1409,7.623713052142146e-21,2.3397542344735967e-21,0.101
2.7761340864686703,4590,1410,7.622052474261042e-21,2.3414148123546994e-21,0.101
2.77889558512944,4589,1411,7.62039189637994e-21,2.343075390235802e-21,0.101
2.780558103126995,4588,1412,7.618731318498837e-21,2.3447359681169046e-21,0.101
2.783338422698823,4587,1413,7.617070740617734e-21,2.3463965459980074e-21,0.101
2.7835864931470233,4586,1414,7.615410162736632e-21,2.3480571238791098e-21,0.101
2.783966825609766,4585,1415,7.613749584855529e-21,2.3497177017602125e-21,0.101
2.7854250520754995,4584,1416,7.612089006974427e-21,2.351378279641315e-21,0.101
2.7872461413381693,4583,1417,7.610428429093323e-21,2.3530388575224177e-21,0.101
2.788662140750646,4582,1418,7.608767851212221e-21,2.3546994354035205e-21,0.101
2.79383699295423,4581,1419,7.60710727333112e-21,2.356360013284623e-21,0.101
2.7940326930465806,4580,1420,7.605446695450016e-21,2.3580205911657256e-21,0.101
2.795224616040276,4579,1421,7.603786117568914e-21,2.359681169046828e-21,0.101
2.796644711340477,4578,1422,7.60212553968781e-21,2.3613417469279308e-21,0.101
2.796709906908837,4577,1423,7.600464961806708e-21,2.3630023248090336e-21,0.101
2.7967739988043423,4576,1424,7.598804383925606e-21,2.364662902690136e-21,0.101
2.802801259219457,4575,1425,7.597143806044503e-21,2.3663234805712388e-21,0.101
2.8051781320831566,4574,1426,7.5954832281634e-21,2.367984058452341e-21,0.101
2.808672122072405,4573,1427,7.593822650282297e-21,2.369644636333444e-21,0.101
2.812169358912376,4572,1428,7.592162072401195e-21,2.3713052142145467e-21,0.101
2.812556209922444,4571,1429,7.590501494520093e-21,2.372965792095649e-21,0.101
2.8145106666659583,4570,1430,7.58884091663899e-21,2.374626369976752e-21,0.101
2.815402023006696,4569,1431,7.587180338757888e-21,2.3762869478578543e-21,0.101
2.81926339128231,4568,1432,7.585519760876784e-21,2.377947525738957e-21,0.101
2.8246341823285155,4567,1433,7.583859182995682e-21,2.3796081036200598e-21,0.101
2.8265158151981375,4566,1434,7.58219860511458e-21,2.3812686815011622e-21,0.101
2.8303264875515026,4565,1435,7.580538027233477e-21,2.382929259382265e-21,0.101
2.831346349179284,4564,1436,7.578877449352374e-21,2.3845898372633674e-21,0.101
2.835637085862022,4563,1437,7.577216871471271e-21,2.38625041514447e-21,0.101
2.835828708500483,4562,1438,7.575556293590169e-21,2.387910993025573e-21,0.101
2.8377239459256143,4561,1439,7.573895715709067e-21,2.3895715709066753e-21,0.101
2.838096866363829,4560,1440,7.572235137827963e-21,2.391232148787778e-21,0.101
2.838298716375188,4559,1441,7.570574559946861e-21,2.392892726668881e-21,0.101
2.842107074337355,4558,1442,7.568913982065758e-21,2.3945533045499832e-21,0.101
2.8431965887334227,4557,1443,7.567253404184656e-21,2.396213882431086e-21,0.101
2.843237553708127,4556,1444,7.565592826303554e-21,2.3978744603121884e-21,0.101
2.8454840104728976,4555,1445,7.56393224842245e-21,2.399535038193291e-21,0.101
2.8458358012904914,4554,1446,7.562271670541348e-21,2.401195616074394e-21,0.101
2.8496416026925253,4553,1447,7.560611092660245e-21,2.4028561939554964e-21,0.101
2.8530102560213475,4552,1448,7.558950514779143e-21,2.404516771836599e-21,0.101
2.8543228184344094,4551,1449,7.55728993689804e-21,2.4061773497177015e-21,0.101
2.8545604098009916,4550,1450,7.555629359016937e-21,2.4078379275988043e-21,0.101
2.8566725869078784,4549,1451,7.553968781135835e-21,2.409498505479907e-21,0.101
2.8566796981641636,4548,1452,7.552308203254732e-21,2.4111590833610095e-21,0.101
2.857478611253579,4547,1453,7.55064762537363e-21,2.4128196612421122e-21,0.101
2.858342821679912,4546,1454,7.548987047492528e-21,2.4144802391232146e-21,0.101
2.862310196304547,4545,1455,7.547326469611424e-21,2.4161408170043174e-21,0.101
2.864163775527213,4544,1456,7.545665891730322e-21,2.41780139488542e-21,0.101
2.866136993659846,4543,1457,7.544005313849219e-21,2.4194619727665226e-21,0.101
2.8695073715907116,4542,1458,7.542344735968117e-21,2.4211225506476253e-21,0.101
2.8772106940984044,4541,1459,7.540684158087014e-21,2.4227831285287277e-21,0.101
2.8778158654568786,4540,1460,7.539023580205911e-21,2.4244437064098305e-21,0.101
2.878333760613698,4539,1461,7.537363002324809e-21,2.4261042842909333e-21,0.101
2.881841520692629,4538,1462,7.535702424443705e-21,2.4277648621720357e-21,0.101
2.88659810850909,4537,1463,7.534041846562603e-21,2.4294254400531384e-21,0.101
2.889754432592109,4536,1464,7.532381268681501e-21,2.431086017934241e-21,0.101
2.89330417199018,4535,1465,7.530720690800398e-21,2.4327465958153436e-21,0.101
2.895176701367364,4534,1466,7.529060112919296e-21,2.4344071736964464e-21,0.101
2.895818450487581,4533,1467,7.527399535038192e-21,2.4360677515775488e-21,0.101
2.897694749391688,4532,1468,7.52573895715709e-21,2.4377283294586516e-21,0.101
2.9004822686044798,4531,1469,7.524078379275988e-21,2.439388907339754e-21,0.101
2.9012002495924563,4530,1470,7.522417801394885e-21,2.4410494852208567e-21,0.101
2.904460381986586,4529,1471,7.520757223513783e-21,2.4427100631019595e-21,0.101
2.9045526276424143,4528,1472,7.519096645632679e-21,2.444370640983062e-21,0.101
2.905242446950117,4527,1473,7.517436067751577e-21,2.4460312188641647e-21,0.101
2.907875862998587,4526,1474,7.515775489870475e-21,2.447691796745267e-21,0.101
2.9098457559115487,4525,1475,7.514114911989372e-21,2.44935237462637e-21,0.101
2.91046431959217,4524,1476,7.51245433410827e-21,2.4510129525074726e-21,0.101
2.913132793739034,4523,1477,7.510793756227166e-21,2.452673530388575e-21,0.101
2.9139626142778794,4522,1478,7.509133178346064e-21,2.4543341082696778e-21,0.101
2.9141846885982825,4521,1479,7.507472600464962e-21,2.4559946861507805e-21,0.101
2.92063057209092,4520,1480,7.505812022583859e-21,2.457655264031883e-21,0.101
2.9219649756024353,4519,1481,7.504151444702757e-21,2.4593158419129857e-21,0.101
2.9230051872544625,4518,1482,7.502490866821653e-21,2.460976419794088e-21,0.101
2.92339411841366,4517,1483,7.500830288940551e-21,2.462636997675191e-21,0.101
2.9248051225100515,4516,1484,7.499169711059449e-21,2.4642975755562936e-21,0.101
2.926502383579825,4515,1485,7.497509133178345e-21,2.465958153437396e-21,0.101
2.927504189110173,4514,1486,7.495848555297243e-21,2.467618731318499e-21,0.101
2.928819682889395,4513,1487,7.49418797741614e-21,2.4692793091996012e-21,0.101
2.9312847668967708,4512,1488,7.492527399535038e-21,2.470939887080704e-21,0.101
2.943082575198004,4511,1489,7.490866821653936e-21,2.4726004649618068e-21,0.101
2.943883071112266,4510,1490,7.489206243772832e-21,2.474261042842909e-21,0.101
2.944006242052273,4509,1491,7.48754566589173e-21,2.475921620724012e-21,0.101
2.944017284439758,4508,1492,7.485885088010627e-21,2.4775821986051143e-21,0.101
2.94480073979927,4507,1493,7.484224510129525e-21,2.479242776486217e-21,0.101
2.9449383559449602,4506,1494,7.482563932248423e-21,2.48090335436732e-21,0.101
2.9468488555963845,4505,1495,7.480903354367319e-21,2.4825639322484223e-21,0.101
2.9470466149709975,4504,1496,7.479242776486217e-21,2.484224510129525e-21,0.101
2.94779544627836,4503,1497,7.477582198605114e-21,2.4858850880106274e-21,0.101
2.9568626523773784,4502,1498,7.475921620724012e-21,2.4875456658917302e-21,0.101
2.9583317956107402,4501,1499,7.47426104284291e-21,2.489206243772833e-21,0.101
2.958360339595172,4500,1500,7.472600464961806e-21,2.4908668216539354e-21,0.101
2.961065295521096,4499,1501,7.470939887080704e-21,2.492527399535038e-21,0.101
2.9617991593196145,4498,1502,7.4692793091996e-21,2.4941879774161405e-21,0.101
2.9620526030918573,4497,1503,7.467618731318499e-21,2.4958485552972433e-21,0.101
2.962070059200021,4496,1504,7.465958153437397e-21,2.497509133178346e-21,0.101
2.9622297745120774,4495,1505,7.464297575556293e-21,2.4991697110594485e-21,0.101
2.962544681395714,4494,1506,7.462636997675191e-21,2.5008302889405512e-21,0.101
2.9630995371094535,4493,1507,7.460976419794087e-21,2.5024908668216536e-21,0.101
2.9647544366328358,4492,1508,7.459315841912985e-21,2.5041514447027564e-21,0.101
2.964880953442692,4491,1509,7.457655264031883e-21,2.5058120225838592e-21,0.101
2.9698824347742003,4490,1510,7.45599468615078e-21,2.5074726004649616e-21,0.101
2.9703843447979676,4489,1511,7.454334108269678e-21,2.5091331783460644e-21,0.101
2.9726522735257723,4488,1512,7.452673530388574e-21,2.5107937562271668e-21,0.101
2.9816469796600544,4487,1513,7.451012952507472e-21,2.5124543341082695e-21,0.101
2.985146965103938,4486,1514,7.44935237462637e-21,2.5141149119893723e-21,0.101
2.9853882951366133,4485,1515,7.447691796745267e-21,2.5157754898704747e-21,0.101
2.988002156527918,4484,1516,7.446031218864165e-21,2.5174360677515775e-21,0.101
2.988807429590961,4483,1517,7.444370640983061e-21,2.5190966456326802e-21,0.101
2.992550445316166,4482,1518,7.442710063101959e-21,2.5207572235137826e-21,0.101
2.997726731827886,4481,1519,7.441049485220857e-21,2.5224178013948854e-21,0.101
3.00195258661363,4480,1520,7.439388907339754e-21,2.5240783792759878e-21,0.101
3.0037594428688617,4479,1521,7.437728329458652e-21,2.5257389571570906e-21,0.101
3.00377848158382,4478,1522,7.436067751577548e-21,2.5273995350381933e-21,0.101
3.0044067339785974,4477,1523,7.434407173696446e-21,2.5290601129192957e-21,0.101
3.008044433333442,4476,1524,7.432746595815344e-21,2.5307206908003985e-21,0.101
3.010612016592608,4475,1525,7.43108601793424e-21,2.532381268681501e-21,0.101
3.0126694730294448,4474,1526,7.429425440053139e-21,2.5340418465626037e-21,0.101
3.012865192337661,4473,1527,7.427764862172035e-21,2.5357024244437065e-21,0.101
3.0135556099330896,4472,1528,7.426104284290933e-21,2.537363002324809e-21,0.101
3.0164460787209544,4471,1529,7.424443706409831e-21,2.5390235802059116e-21,0.101
3.0192761601718994,4470,1530,7.422783128528727e-21,2.540684158087014e-21,0.101
3.0201371077215478,4469,1531,7.421122550647625e-21,2.5423447359681168e-21,0.101
3.0306574296172912,4468,1532,7.419461972766522e-21,2.5440053138492196e-21,0.101
3.031137612379981,4467,1533,7.41780139488542e-21,2.545665891730322e-21,0.101
3.0335792225087936,4466,1534,7.416140817004318e-21,2.5473264696114247e-21,0.101
3.036840379921678,4465,1535,7.414480239123214e-21,2.548987047492527e-21,0.101
3.0376470384530543,4464,1536,7.412819661242112e-21,2.55064762537363e-21,0.101
3.040061940121288,4463,1537,7.411159083361009e-21,2.5523082032547327e-21,0.101
3.0422972954580083,4462,1538,7.409498505479907e-21,2.553968781135835e-21,0.101
3.045404885695989,4461,1539,7.407837927598805e-21,2.555629359016938e-21,0.101
3.045436249047742,4460,1540,7.406177349717701e-21,2.5572899368980402e-21,0.101
3.046245655981903,4459,1541,7.404516771836599e-21,2.558950514779143e-21,0.101
3.046311957980187,4458,1542,7.402856193955496e-21,2.5606110926602458e-21,0.101
3.0472953201316044,4457,1543,7.401195616074394e-21,2.562271670541348e-21,0.101
3.056081697543046,4456,1544,7.399535038193292e-21,2.563932248422451e-21,0.101
3.0592888001853686,4455,1545,7.397874460312188e-21,2.5655928263035533e-21,0.101
3.060133453636485,4454,1546,7.396213882431086e-21,2.567253404184656e-21,0.101
3.061954233432922,4453,1547,7.394553304549983e-21,2.568913982065759e-21,0.101
3.0714807272091127,4452,1548,7.39289272666888e-21,2.5705745599468613e-21,0.101
3.073279757153199,4451,1549,7.391232148787779e-21,2.572235137827964e-21,0.101
3.0799202493422424,4450,1550,7.389571570906675e-21,2.573895715709067e-21,0.101
3.0837199849178814,4449,1551,7.387910993025573e-21,2.5755562935901692e-21,0.101
3.084463731491189,4448,1552,7.38625041514447e-21,2.577216871471272e-21,0.101
3.0860147109593616,4447,1553,7.384589837263367e-21,2.5788774493523744e-21,0.101
3.0889699641260404,4446,1554,7.382929259382265e-21,2.580538027233477e-21,0.101
3.089467380141133,4445,1555,7.381268681501162e-21,2.58219860511458e-21,0.101
3.0918124432709653,4444,1556,7.37960810362006e-21,2.5838591829956823e-21,0.101
3.092134536085962,4443,1557,7.377947525738956e-21,2.585519760876785e-21,0.101
3.0928257994249067,4442,1558,7.376286947857854e-21,2.5871803387578875e-21,0.101
3.0949127817211712,4441,1559,7.374626369976751e-21,2.5888409166389903e-21,0.101
3.0983236022812037,4440,1560,7.372965792095649e-21,2.590501494520093e-21,0.101
3.09836319059918,4439,1561,7.371305214214547e-21,2.5921620724011954e-21,0.101
3.0998757135263104,4438,1562,7.369644636333443e-21,2.5938226502822982e-21,0.101
3.101023477950237,4437,1563,7.367984058452341e-21,2.5954832281634006e-21,0.101
3.102225785973079,4436,1564,7.366323480571238e-21,2.5971438060445034e-21,0.101
3.103389969356814,4435,1565,7.364662902690136e-21,2.598804383925606e-21,0.101
3.1034965253953484,4434,1566,7.363002324809034e-21,2.6004649618067085e-21,0.101
3.104140130371089,4433,1567,7.36134174692793e-21,2.6021255396878113e-21,0.101
3.10644575439635,4432,1568,7.359681169046828e-21,2.6037861175689137e-21,0.101
3.1070131818349473,4431,1569,7.358020591165725e-21,2.6054466954500165e-21,0.101
3.108279881742859,4430,1570,7.356360013284623e-21,2.6071072733311193e-21,0.101
3.1102154263038675,4429,1571,7.35469943540352e-21,2.6087678512122217e-21,0.101
3.114398910895016,4428,1572,7.353038857522417e-21,2.6104284290933244e-21,0.101
3.1174319345018735,4427,1573,7.351378279641315e-21,2.612089006974427e-21,0.101
3.118700123423696,4426,1574,7.349717701760212e-21,2.6137495848555296e-21,0.101
3.119235317584094,4425,1575,7.34805712387911e-21,2.6154101627366324e-21,0.101
3.1240393314631563,4424,1576,7.346396545998007e-21,2.6170707406177348e-21,0.101
3.12437647096168,4423,1577,7.344735968116904e-21,2.6187313184988375e-21,0.101
3.1247403274022534,4422,1578,7.343075390235802e-21,2.62039189637994e-21,0.101
3.125838654500575,4421,1579,7.341414812354698e-21,2.6220524742610427e-21,0.101
3.127528346378099,4420,1580,7.339754234473596e-21,2.6237130521421455e-21,0.101
3.1280420436387146,4419,1581,7.338093656592494e-21,2.625373630023248e-21,0.101
3.132308111102207,4418,1582,7.336433078711391e-21,2.6270342079043506e-21,0.101
3.1363837397915595,4417,1583,7.334772500830289e-21,2.628694785785453e-21,0.101
3.1365365637209957,4416,1584,7.333111922949185e-21,2.6303553636665558e-21,0.101
3.138571941118183,4415,1585,7.331451345068083e-21,2.6320159415476586e-21,0.101
3.142116659012445,4414,1586,7.329790767186981e-21,2.633676519428761e-21,0.101
3.142893800472898,4413,1587,7.328130189305878e-21,2.6353370973098637e-21,0.101
3.1505781281827026,4412,1588,7.326469611424776e-21,2.6369976751909665e-21,0.101
3.1510676484399065,4411,1589,7.324809033543672e-21,2.638658253072069e-21,0.101
3.152653903464887,4410,1590,7.32314845566257e-21,2.6403188309531717e-21,0.101
3.1562837573576314,4409,1591,7.321487877781468e-21,2.641979408834274e-21,0.101
3.1612288781399753,4408,1592,7.319827299900365e-21,2.643639986715377e-21,0.101
3.1631942135377042,4407,1593,7.318166722019263e-21,2.6453005645964796e-21,0.101
3.1656465316387083,4406,1594,7.316506144138159e-21,2.646961142477582e-21,0.101
3.1657011341947485,4405,1595,7.314845566257057e-21,2.6486217203586848e-21,0.101
3.167376089621494,4404,1596,7.313184988375955e-21,2.6502822982397872e-21,0.101
3.168213632579403,4403,1597,7.311524410494852e-21,2.65194287612089e-21,0.101
3.1700128201897955,4402,1598,7.30986383261375e-21,2.6536034540019927e-21,0.101
3.172472272036607,4401,1599,7.308203254732646e-21,2.655264031883095e-21,0.101
3.180695815776251,4400,1600,7.306542676851544e-21,2.656924609764198e-21,0.101
3.181732210360934,4399,1601,7.304882098970442e-21,2.6585851876453003e-21,0.101
3.1818337008950417,4398,1602,7.303221521089338e-21,2.660245765526403e-21,0.101
3.188707691656291,4397,1603,7.301560943208236e-21,2.661906343407506e-21,0.101
3.19086244738969,4396,1604,7.299900365327133e-21,2.6635669212886082e-21,0.101
3.1921493822488665,4395,1605,7.298239787446031e-21,2.665227499169711e-21,0.101
3.194579773215661,4394,1606,7.296579209564929e-21,2.6668880770508134e-21,0.101
3.1959624766491928,4393,1607,7.294918631683825e-21,2.668548654931916e-21,0.101
3.196930709022028,4392,1608,7.293258053802723e-21,2.670209232813019e-21,0.101
3.1995959071388267,4391,1609,7.29159747592162e-21,2.6718698106941213e-21,0.101
3.199993643751793,4390,1610,7.289936898040518e-21,2.673530388575224e-21,0.101
3.2007318273273464,4389,1611,7.288276320159416e-21,2.6751909664563265e-21,0.101
3.205601014267769,4388,1612,7.286615742278312e-21,2.6768515443374293e-21,0.101
3.2095467547184175,4387,1613,7.28495516439721e-21,2.678512122218532e-21,0.101
3.212316576150484,4386,1614,7.283294586516107e-21,2.6801727000996345e-21,0.101
3.215462756889701,4385,1615,7.281634008635005e-21,2.6818332779807372e-21,0.101
3.2154814651351393,4384,1616,7.279973430753903e-21,2.6834938558618396e-21,0.101
3.2230094902421436,4383,1617,7.278312852872799e-21,2.6851544337429424e-21,0.101
3.224332139102248,4382,1618,7.276652274991697e-21,2.686815011624045e-21,0.101
3.227793414043117,4381,1619,7.274991697110594e-21,2.6884755895051476e-21,0.101
3.2287284997227297,4380,1620,7.273331119229492e-21,2.6901361673862503e-21,0.101
3.2355444815320986,4379,1621,7.27167054134839e-21,2.6917967452673527e-21,0.101
3.237787449698581,4378,1622,7.270009963467286e-21,2.6934573231484555e-21,0.101
3.2387785818247514,4377,1623,7.268349385586184e-21,2.6951179010295583e-21,0.101
3.2391472312317284,4376,1624,7.26668880770508e-21,2.6967784789106607e-21,0.101
3.23954855361985,4375,1625,7.265028229823978e-21,2.6984390567917634e-21,0.101
3.2417872444287066,4374,1626,7.263367651942876e-21,2.7000996346728662e-21,0.101
3.244600491027048,4373,1627,7.261707074061773e-21,2.7017602125539686e-21,0.101
3.2471274304726405,4372,1628,7.260046496180671e-21,2.7034207904350714e-21,0.101
3.250636090840552,4371,1629,7.258385918299567e-21,2.7050813683161738e-21,0.101
3.2510729625424077,4370,1630,7.256725340418465e-21,2.7067419461972765e-21,0.101
3.253307570504017,4369,1631,7.255064762537363e-21,2.7084025240783793e-21,0.101
3.2602575438477985,4368,1632,7.25340418465626e-21,2.7100631019594817e-21,0.101
3.2604742724023774,4367,1633,7.251743606775158e-21,2.7117236798405845e-21,0.101
3.263105355898759,4366,1634,7.250083028894054e-21,2.713384257721687e-21,0.101
3.263542204947919,4365,1635,7.248422451012952e-21,2.7150448356027897e-21,0.101
3.2665146039611916,4364,1636,7.24676187313185e-21,2.7167054134838924e-21,0.101
3.267842719642577,4363,1637,7.245101295250747e-21,2.718365991364995e-21,0.101
3.2681724107897896,4362,1638,7.243440717369645e-21,2.7200265692460976e-21,0.101
3.2685066895856405,4361,1639,7.241780139488541e-21,2.7216871471272e-21,0.101
3.269237509941128,4360,1640,7.240119561607439e-21,2.7233477250083028e-21,0.101
3.269446773485381,4359,1641,7.238458983726337e-21,2.7250083028894055e-21,0.101
3.269882990897205,4358,1642,7.236798405845234e-21,2.726668880770508e-21,0.101
3.2742260049579275,4357,1643,7.235137827964132e-21,2.7283294586516107e-21,0.101
3.2744247007393827,4356,1644,7.233477250083028e-21,2.729990036532713e-21,0.101
3.2753893731331614,4355,1645,7.231816672201926e-21,2.731650614413816e-21,0.101
3.2755534050768818,4354,1646,7.230156094320824e-21,2.7333111922949186e-21,0.101
3.280171697165561,4353,1647,7.22849551643972e-21,2.734971770176021e-21,0.101
3.2838322151591393,4352,1648,7.226834938558618e-21,2.736632348057124e-21,0.101
3.2881023207007747,4351,1649,7.225174360677515e-21,2.7382929259382262e-21,0.101
3.2885368341834034,4350,1650,7.223513782796413e-21,2.739953503819329e-21,0.101
3.2896833505188976,4349,1651,7.221853204915311e-21,2.7416140817004318e-21,0.101
3.297597329940645,4348,1652,7.220192627034207e-21,2.743274659581534e-21,0.101
3.309552792905844,4347,1653,7.218532049153105e-21,2.744935237462637e-21,0.101
3.310723953599749,4346,1654,7.216871471272002e-21,2.7465958153437393e-21,0.101
3.3108590601389123,4345,1655,7.2152108933909e-21,2.748256393224842e-21,0.101
3.31207292181303,4344,1656,7.213550315509798e-21,2.749916971105945e-21,0.101
3.3121682752541055,4343,1657,7.211889737628694e-21,2.7515775489870473e-21,0.101
3.312233108708987,4342,1658,7.210229159747592e-21,2.75323812686815e-21,0.101
3.315523808364984,4341,1659,7.208568581866489e-21,2.7548987047492528e-21,0.101
3.3200657866206433,4340,1660,7.206908003985387e-21,2.7565592826303552e-21,0.101
3.3201637494668144,4339,1661,7.205247426104285e-21,2.758219860511458e-21,0.101
3.3210452776749304,4338,1662,7.203586848223181e-21,2.7598804383925604e-21,0.101
3.323309286240247,4337,1663,7.201926270342079e-21,2.761541016273663e-21,0.101
3.3287116536142,4336,1664,7.200265692460976e-21,2.763201594154766e-21,0.101
3.329842606735862,4335,1665,7.198605114579874e-21,2.7648621720358683e-21,0.101
3.330245581203066,4334,1666,7.196944536698772e-21,2.766522749916971e-21,0.101
3.335625079779794,4333,1667,7.195283958817668e-21,2.7681833277980735e-21,0.101
3.3392747116737924,4332,1668,7.193623380936566e-21,2.7698439056791762e-21,0.101
3.3428885140792395,4331,1669,7.191962803055462e-21,2.771504483560279e-21,0.101
3.342913851556436,4330,1670,7.19030222517436e-21,2.7731650614413814e-21,0.101
3.344585988625086,4329,1671,7.188641647293258e-21,2.774825639322484e-21,0.101
3.3511911429088186,4328,1672,7.186981069412155e-21,2.7764862172035866e-21,0.101
3.356587039534866,4327,1673,7.185320491531053e-21,2.7781467950846894e-21,0.101
3.356846633400557,4326,1674,7.18365991364995e-21,2.779807372965792e-21,0.101
3.35806181498589,4325,1675,7.181999335768847e-21,2.7814679508468945e-21,0.101
3.360262063206702,4324,1676,7.180338757887745e-21,2.7831285287279973e-21,0.101
3.3608346186129294,4323,1677,7.178678180006642e-21,2.7847891066090997e-21,0.101
3.361438956046877,4322,1678,7.17701760212554e-21,2.7864496844902025e-21,0.101
3.365702376105383,4321,1679,7.175357024244436e-21,2.7881102623713052e-21,0.101
3.3668761390490967,4320,1680,7.173696446363334e-21,2.7897708402524076e-21,0.101
3.3704813862983163,4319,1681,7.172035868482232e-21,2.7914314181335104e-21,0.101
3.3711857243993952,4318,1682,7.170375290601129e-21,2.7930919960146128e-21,0.101
3.3726135469439344,4317,1683,7.168714712720027e-21,2.7947525738957156e-21,0.101
3.3771219155719314,4316,1684,7.167054134838923e-21,2.7964131517768183e-21,0.101
3.378725090252228,4315,1685,7.165393556957821e-21,2.7980737296579207e-21,0.101
3.386912942168143,4314,1686,7.163732979076719e-21,2.7997343075390235e-21,0.101
3.3875743164106527,4313,1687,7.162072401195616e-21,2.801394885420126e-21,0.101
3.390901970143624,4312,1688,7.160411823314514e-21,2.8030554633012287e-21,0.101
3.393099884911023,4311,1689,7.15875124543341e-21,2.8047160411823314e-21,0.101
3.393341404336972,4310,1690,7.157090667552308e-21,2.806376619063434e-21,0.101
3.399047677456434,4309,1691,7.155430089671206e-21,2.8080371969445366e-21,0.101
3.401152395690912,4308,1692,7.153769511790102e-21,2.809697774825639e-21,0.101
3.407736446414895,4307,1693,7.152108933909e-21,2.8113583527067418e-21,0.101
3.4083247285267024,4306,1694,7.150448356027897e-21,2.8130189305878446e-21,0.101
3.4103576300545115,4305,1695,7.148787778146795e-21,2.814679508468947e-21,0.101
3.4113733348766155,4304,1696,7.147127200265693e-21,2.8163400863500497e-21,0.101
3.415331525369371,4303,1697,7.14546662238459e-21,2.8180006642311525e-21,0.101
3.4171533148783633,4302,1698,7.143806044503487e-21,2.819661242112255e-21,0.101
3.418242709953904,4301,1699,7.142145466622384e-21,2.8213218199933577e-21,0.101
3.4194686803262155,4300,1700,7.140484888741282e-21,2.82298239787446e-21,0.101
3.421383632862312,4299,1701,7.138824310860178e-21,2.824642975755563e-21,0.101
3.4222247889757207,4298,1702,7.137163732979076e-21,2.8263035536366656e-21,0.101
3.426527782464927,4297,1703,7.135503155097974e-21,2.827964131517768e-21,0.101
3.431894078150009,4296,1704,7.13384257721687e-21,2.8296247093988708e-21,0.101
3.4366029677028447,4295,1705,7.132181999335769e-21,2.831285287279973e-21,0.101
3.437044423476504,4294,1706,7.130521421454665e-21,2.832945865161076e-21,0.101
3.442677990652078,4293,1707,7.128860843573563e-21,2.8346064430421787e-21,0.101
3.445864782821543,4292,1708,7.127200265692461e-21,2.836267020923281e-21,0.101
3.4502344490413015,4291,1709,7.125539687811358e-21,2.837927598804384e-21,0.101
3.451260070378719,4290,1710,7.123879109930256e-21,2.8395881766854863e-21,0.101
3.452082495236394,4289,1711,7.122218532049152e-21,2.841248754566589e-21,0.101
3.4528999650822567,4288,1712,7.12055795416805e-21,2.842909332447692e-21,0.101
3.4535584579715364,4287,1713,7.118897376286948e-21,2.8445699103287942e-21,0.101
3.4578520299613476,4286,1714,7.117236798405844e-21,2.846230488209897e-21,0.101
3.459703826382243,4285,1715,7.115576220524742e-21,2.8478910660909994e-21,0.101
3.459933662036382,4284,1716,7.113915642643639e-21,2.849551643972102e-21,0.101
3.4622635948938756,4283,1717,7.112255064762537e-21,2.851212221853205e-21,0.101
3.462866272679949,4282,1718,7.110594486881435e-21,2.8528727997343073e-21,0.101
3.464784921042431,4281,1719,7.108933909000331e-21,2.85453337761541e-21,0.101
3.4651323182150677,4280,1720,7.10727333111923e-21,2.8561939554965125e-21,0.101
3.465187756893431,4279,1721,7.105612753238126e-21,2.8578545333776153e-21,0.101
3.4676336646936385,4278,1722,7.103952175357024e-21,2.859515111258718e-21,0.101
3.4688563759153554,4277,1723,7.102291597475922e-21,2.8611756891398204e-21,0.101
3.469320356773811,4276,1724,7.100631019594818e-21,2.8628362670209232e-21,0.101
3.472738174785423,4275,1725,7.098970441713716e-21,2.8644968449020256e-21,0.101
3.4757276989704997,4274,1726,7.097309863832613e-21,2.8661574227831284e-21,0.101
3.4782890969678104,4273,1727,7.09564928595151e-21,2.867818000664231e-21,0.101
3.4785868511218574,4272,1728,7.093988708070409e-21,2.8694785785453335e-21,0.101
3.4794201631158512,4271,1729,7.092328130189305e-21,2.8711391564264363e-21,0.101
3.480583598038798,4270,1730,7.090667552308203e-21,2.8727997343075387e-21,0.101
3.4808159574740616,4269,1731,7.0890069744271e-21,2.8744603121886415e-21,0.101
3.4835706658760053,4268,1732,7.087346396545998e-21,2.8761208900697443e-21,0.101
3.4839605126000635,4267,1733,7.085685818664896e-21,2.8777814679508466e-21,0.101
3.4853976086627925,4266,1734,7.084025240783792e-21,2.8794420458319494e-21,0.101
3.486064681713905,4265,1735,7.08236466290269e-21,2.8811026237130522e-21,0.101
3.4867341696645235,4264,1736,7.080704085021587e-21,2.8827632015941546e-21,0.101
3.4883036964800738,4263,1737,7.079043507140484e-21,2.8844237794752574e-21,0.101
3.489719332512748,4262,1738,7.077382929259382e-21,2.8860843573563598e-21,0.101
3.4898224427999978,4261,1739,7.075722351378279e-21,2.8877449352374625e-21,0.101
3.4920877456260153,4260,1740,7.074061773497177e-21,2.8894055131185653e-21,0.101
3.498272322499139,4259,1741,7.072401195616073e-21,2.8910660909996677e-21,0.101
3.500520848539493,4258,1742,7.070740617734971e-21,2.8927266688807705e-21,0.101
3.5011189928161666,4257,1743,7.06908003985387e-21,2.894387246761873e-21,0.101
3.5061749898700523,4256,1744,7.067419461972766e-21,2.8960478246429756e-21,0.101
3.5079232782285246,4255,1745,7.065758884091664e-21,2.8977084025240784e-21,0.101
3.5132142014071777,4254,1746,7.06409830621056e-21,2.8993689804051808e-21,0.101
3.515010533282876,4253,1747,7.062437728329458e-21,2.9010295582862836e-21,0.101
3.5201629327212673,4252,1748,7.060777150448356e-21,2.902690136167386e-21,0.101
3.5203861554660976,4251,1749,7.059116572567253e-21,2.9043507140484887e-21,0.101
3.5244319414402168,4250,1750,7.05745599468615e-21,2.9060112919295915e-21,0.101
3.5317313169918334,4249,1751,7.055795416805047e-21,2.907671869810694e-21,0.101
3.5321760086638108,4248,1752,7.054134838923945e-21,2.9093324476917967e-21,0.101
3.534704016035514,4247,1753,7.052474261042843e-21,2.910993025572899e-21,0.101
3.5349309725351947,4246,1754,7.05081368316174e-21,2.912653603454002e-21,0.101
3.5350462041416173,4245,1755,7.049153105280638e-21,2.9143141813351046e-21,0.101
3.5358103670917864,4244,1756,7.047492527399534e-21,2.915974759216207e-21,0.101
3.5372808824321003,4243,1757,7.045831949518432e-21,2.9176353370973098e-21,0.101
3.5373966843513465,4242,1758,7.04417137163733e-21,2.919295914978412e-21,0.101
3.5387309703571055,4241,1759,7.042510793756227e-21,2.920956492859515e-21,0.101
3.5406167746916584,4240,1760,7.040850215875124e-21,2.9226170707406177e-21,0.101
3.542238932665577,4239,1761,7.039189637994021e-21,2.92427764862172e-21,0.101
3.5436908718570903,4238,1762,7.037529060112919e-21,2.925938226502823e-21,0.101
3.546535238575565,4237,1763,7.035868482231817e-21,2.9275988043839253e-21,0.101
3.557874383000983,4236,1764,7.034207904350713e-21,2.929259382265028e-21,0.101
3.55854359052879,4235,1765,7.032547326469611e-21,2.930919960146131e-21,0.101
3.5601615632366674,4234,1766,7.030886748588508e-21,2.9325805380272332e-21,0.101
3.560903891878694,4233,1767,7.029226170707406e-21,2.934241115908336e-21,0.101
3.5610278101488766,4232,1768,7.027565592826304e-21,2.9359016937894388e-21,0.101
3.5610984007651902,4231,1769,7.0259050149452e-21,2.937562271670541e-21,0.101
3.562521489709491,4230,1770,7.024244437064098e-21,2.939222849551644e-21,0.101
3.563977030568299,4229,1771,7.022583859182995e-21,2.9408834274327463e-21,0.101
3.56459405963005,4228,1772,7.020923281301893e-21,2.942544005313849e-21,0.101
3.5646552138788237,4227,1773,7.01926270342079e-21,2.944204583194952e-21,0.101
3.5649350993654143,4226,1774,7.017602125539687e-21,2.9458651610760543e-21,0.101
3.565072033728911,4225,1775,7.015941547658585e-21,2.947525738957157e-21,0.101
3.566166286144038,4224,1776,7.014280969777482e-21,2.9491863168382594e-21,0.101
3.56706357438118,4223,1777,7.01262039189638e-21,2.9508468947193622e-21,0.101
3.5675123122125116,4222,1778,7.010959814015278e-21,2.952507472600465e-21,0.101
3.5686796965351726,4221,1779,7.009299236134174e-21,2.9541680504815674e-21,0.101
3.5712176698689424,4220,1780,7.007638658253072e-21,2.95582862836267e-21,0.101
3.571617005713059,4219,1781,7.005978080371969e-21,2.9574892062437726e-21,0.101
3.575362498959492,4218,1782,7.004317502490867e-21,2.9591497841248753e-21,0.101
3.58200142682812,4217,1783,7.002656924609765e-21,2.960810362005978e-21,0.101
3.582295354199848,4216,1784,7.000996346728661e-21,2.9624709398870805e-21,0.101
3.5846944270339405,4215,1785,6.999335768847559e-21,2.9641315177681833e-21,0.101
3.5948317946881563,4214,1786,6.997675190966455e-21,2.9657920956492857e-21,0.101
3.598762776707728,4213,1787,6.996014613085353e-21,2.9674526735303884e-21,0.101
3.5994892505057243,4212,1788,6.994354035204251e-21,2.9691132514114912e-21,0.101
3.600101487357763,4211,1789,6.992693457323148e-21,2.9707738292925936e-21,0.101
3.601200752892151,4210,1790,6.991032879442046e-21,2.9724344071736964e-21,0.101
3.6032535875990295,4209,1791,6.989372301560942e-21,2.9740949850547988e-21,0.101
3.6032793787879664,4208,1792,6.98771172367984e-21,2.9757555629359015e-21,0.101
3.606124132028221,4207,1793,6.986051145798738e-21,2.9774161408170043e-21,0.101
3.6089600373373774,4206,1794,6.984390567917635e-21,2.9790767186981067e-21,0.101
3.6102370503507264,4205,1795,6.982729990036533e-21,2.9807372965792095e-21,0.101
3.612552202655856,4204,1796,6.981069412155429e-21,2.982397874460312e-21,0.101
3.6133140720727273,4203,1797,6.979408834274327e-21,2.9840584523414147e-21,0.101
3.614013442716449,4202,1798,6.977748256393225e-21,2.9857190302225174e-21,0.101
3.615066800640648,4201,1799,6.976087678512122e-21,2.98737960810362e-21,0.101
3.6165414732496086,4200,1800,6.97442710063102e-21,2.9890401859847226e-21,0.101
3.6175808212010687,4199,1801,6.972766522749916e-21,2.990700763865825e-21,0.101
3.6183093824775163,4198,1802,6.971105944868814e-21,2.9923613417469278e-21,0.101
3.6186288778592894,4197,1803,6.969445366987712e-21,2.9940219196280305e-21,0.101
3.6258872421596595,4196,1804,6.967784789106609e-21,2.995682497509133e-21,0.101
3.627842979207923,4195,1805,6.966124211225507e-21,2.9973430753902357e-21,0.101
3.6278431196176695,4194,1806,6.964463633344403e-21,2.9990036532713385e-21,0.101
3.628326111961227,4193,1807,6.962803055463301e-21,3.000664231152441e-21,0.101
3.628769554061952,4192,1808,6.961142477582199e-21,3.0023248090335436e-21,0.101
3.6288747895900957,4191,1809,6.959481899701095e-21,3.003985386914646e-21,0.101
3.632594478391002,4190,1810,6.957821321819993e-21,3.0056459647957488e-21,0.101
3.639659443057892,4189,1811,6.95616074393889e-21,3.0073065426768516e-21,0.101
3.6439637301705092,4188,1812,6.954500166057788e-21,3.008967120557954e-21,0.101
3.6477651183820017,4187,1813,6.952839588176686e-21,3.0106276984390567e-21,0.101
3.6488073961707213,4186,1814,6.951179010295582e-21,3.012288276320159e-21,0.101
3.65105096319807,4185,1815,6.94951843241448e-21,3.013948854201262e-21,0.101
3.6515952917861747,4184,1816,6.947857854533377e-21,3.0156094320823647e-21,0.101
3.6533245100042104,4183,1817,6.946197276652275e-21,3.017270009963467e-21,0.101
3.6572084396397706,4182,1818,6.944536698771173e-21,3.01893058784457e-21,0.101
3.6579492438727566,4181,1819,6.942876120890069e-21,3.0205911657256723e-21,0.101
3.663709609808463,4180,1820,6.941215543008967e-21,3.022251743606775e-21,0.101
3.665279080560019,4179,1821,6.939554965127864e-21,3.0239123214878778e-21,0.101
3.666349757925147,4178,1822,6.937894387246762e-21,3.0255728993689802e-21,0.101
3.6693987543369677,4177,1823,6.93623380936566e-21,3.027233477250083e-21,0.101
3.669518990179737,4176,1824,6.934573231484556e-21,3.0288940551311854e-21,0.101
3.6729679366072614,4175,1825,6.932912653603454e-21,3.030554633012288e-21,0.101
3.6749692206193205,4174,1826,6.93125207572235e-21,3.032215210893391e-21,0.101
3.67586449464733,4173,1827,6.929591497841249e-21,3.0338757887744933e-21,0.101
3.6789839738458414,4172,1828,6.927930919960147e-21,3.035536366655596e-21,0.101
3.682115010109786,4171,1829,6.926270342079043e-21,3.0371969445366985e-21,0.101
3.685015859863047,4170,1830,6.924609764197941e-21,3.0388575224178012e-21,0.101
3.6860837246572413,4169,1831,6.922949186316837e-21,3.040518100298904e-21,0.101
3.686676386017048,4168,1832,6.921288608435735e-21,3.0421786781800064e-21,0.101
3.6885991315442666,4167,1833,6.919628030554633e-21,3.043839256061109e-21,0.101
3.6960231053495973,4166,1834,6.91796745267353e-21,3.0454998339422116e-21,0.101
3.701318592587793,4165,1835,6.916306874792428e-21,3.0471604118233143e-21,0.101
3.702768752665512,4164,1836,6.914646296911324e-21,3.048820989704417e-21,0.101
3.703011580577152,4163,1837,6.912985719030222e-21,3.0504815675855195e-21,0.101
3.7074535267082287,4162,1838,6.91132514114912e-21,3.0521421454666223e-21,0.101
3.7079338358536993,4161,1839,6.909664563268017e-21,3.0538027233477247e-21,0.101
3.7173669002625953,4160,1840,6.908003985386915e-21,3.0554633012288275e-21,0.101
3.7183951819682615,4159,1841,6.906343407505811e-21,3.0571238791099302e-21,0.101
3.7209150767387458,4158,1842,6.904682829624709e-21,3.0587844569910326e-21,0.101
3.72273156747103,4157,1843,6.903022251743607e-21,3.0604450348721354e-21,0.101
3.723064888395838,4156,1844,6.901361673862504e-21,3.062105612753238e-21,0.101
3.7248487340424323,4155,1845,6.899701095981402e-21,3.0637661906343406e-21,0.101
3.7268474707115913,4154,1846,6.898040518100298e-21,3.0654267685154433e-21,0.101
3.728440826919298,4153,1847,6.896379940219196e-21,3.0670873463965457e-21,0.101
3.733830658549574,4152,1848,6.894719362338093e-21,3.0687479242776485e-21,0.101
3.738197158681243,4151,1849,6.89305878445699e-21,3.0704085021587513e-21,0.101
3.740585202278039,4150,1850,6.891398206575889e-21,3.0720690800398537e-21,0.101
3.742751383294871,4149,1851,6.889737628694785e-21,3.0737296579209564e-21,0.101
3.7433906924112605,4148,1852,6.888077050813683e-21,3.075390235802059e-21,0.101
3.7444509644410027,4147,1853,6.88641647293258e-21,3.0770508136831616e-21,0.101
3.7568600584413607,4146,1854,6.884755895051477e-21,3.0787113915642644e-21,0.101
3.7577376740094124,4145,1855,6.883095317170375e-21,3.0803719694453668e-21,0.101
3.7586668657471547,4144,1856,6.881434739289272e-21,3.0820325473264696e-21,0.101
3.761308638641043,4143,1857,6.87977416140817e-21,3.083693125207572e-21,0.101
3.7623372172898133,4142,1858,6.878113583527066e-21,3.0853537030886747e-21,0.101
3.772058942238174,4141,1859,6.876453005645964e-21,3.0870142809697775e-21,0.101
3.7748637371239813,4140,1860,6.874792427764862e-21,3.08867485885088e-21,0.101
3.776575584491559,4139,1861,6.873131849883759e-21,3.0903354367319827e-21,0.101
3.7769782466334894,4138,1862,6.871471272002657e-21,3.091996014613085e-21,0.101
3.779132658908832,4137,1863,6.869810694121553e-21,3.093656592494188e-21,0.101
3.7872274138221673,4136,1864,6.868150116240451e-21,3.0953171703752906e-21,0.101
3.7884143395819168,4135,1865,6.866489538359349e-21,3.096977748256393e-21,0.101
3.789708591527092,4134,1866,6.864828960478246e-21,3.0986383261374958e-21,0.101
3.7908179484750466,4133,1867,6.863168382597144e-21,3.100298904018598e-21,0.101
3.8011638319885432,4132,1868,6.86150780471604e-21,3.101959481899701e-21,0.101
3.802544306520692,4131,1869,6.859847226834938e-21,3.1036200597808037e-21,0.101
3.8033675181698383,4130,1870,6.858186648953836e-21,3.105280637661906e-21,0.101
3.804177982720627,4129,1871,6.856526071072733e-21,3.106941215543009e-21,0.101
3.8054585038755167,4128,1872,6.85486549319163e-21,3.1086017934241113e-21,0.101
3.8056091142480337,4127,1873,6.853204915310527e-21,3.110262371305214e-21,0.101
3.807213450397257,4126,1874,6.851544337429425e-21,3.111922949186317e-21,0.101
3.8117991308909542,4125,1875,6.849883759548323e-21,3.1135835270674192e-21,0.101
3.812175611420885,4124,1876,6.84822318166722e-21,3.115244104948522e-21,0.101
3.814090338927357,4123,1877,6.846562603786117e-21,3.1169046828296248e-21,0.101
3.8176853643640514,4122,1878,6.844902025905014e-21,3.118565260710727e-21,0.101
3.819430394736337,4121,1879,6.843241448023912e-21,3.12022583859183e-21,0.101
3.8203885900674877,4120,1880,6.84158087014281e-21,3.1218864164729323e-21,0.101
3.8210127280229687,4119,1881,6.839920292261706e-21,3.123546994354035e-21,0.101
3.82174721228179,4118,1882,6.838259714380604e-21,3.125207572235138e-21,0.101
3.824482888568107,4117,1883,6.836599136499501e-21,3.1268681501162403e-21,0.101
3.8293426821489693,4116,1884,6.834938558618399e-21,3.128528727997343e-21,0.101
3.8315187172536405,4115,1885,6.833277980737297e-21,3.1301893058784454e-21,0.101
3.831686013380709,4114,1886,6.831617402856193e-21,3.1318498837595482e-21,0.101
3.8416362309812655,4113,1887,6.829956824975091e-21,3.133510461640651e-21,0.101
3.8418285695641456,4112,1888,6.828296247093988e-21,3.1351710395217534e-21,0.101
3.8431610442716004,4111,1889,6.826635669212886e-21,3.136831617402856e-21,0.101
3.8446229941598054,4110,1890,6.824975091331784e-21,3.1384921952839585e-21,0.101
3.8483873931141144,4109,1891,6.82331451345068e-21,3.1401527731650613e-21,0.101
3.848728837265908,4108,1892,6.821653935569578e-21,3.141813351046164e-21,0.101
3.849473222717853,4107,1893,6.819993357688475e-21,3.1434739289272665e-21,0.101
3.8513708684200543,4106,1894,6.818332779807373e-21,3.1451345068083692e-21,0.101
3.862157536540134,4105,1895,6.81667220192627e-21,3.1467950846894716e-21,0.101
3.864056202604286,4104,1896,6.815011624045167e-21,3.1484556625705744e-21,0.101
3.865170783989555,4103,1897,6.813351046164065e-21,3.150116240451677e-21,0.101
3.8662492630222953,4102,1898,6.811690468282962e-21,3.1517768183327796e-21,0.101
3.8719159278614974,4101,1899,6.81002989040186e-21,3.1534373962138824e-21,0.101
3.87449599807308,4100,1900,6.808369312520757e-21,3.1550979740949848e-21,0.101
3.8769607391771994,4099,1901,6.806708734639654e-21,3.1567585519760875e-21,0.101
3.8769968529206507,4098,1902,6.805048156758552e-21,3.1584191298571903e-21,0.101
3.8779006939483667,4097,1903,6.803387578877448e-21,3.1600797077382927e-21,0.101
3.8825290445400866,4096,1904,6.801727000996346e-21,3.1617402856193955e-21,0.101
3.884143943143671,4095,1905,6.800066423115244e-21,3.163400863500498e-21,0.101
3.8867715609829707,4094,1906,6.798405845234141e-21,3.1650614413816006e-21,0.101
3.8915340156747233,4093,1907,6.796745267353039e-21,3.1667220192627034e-21,0.101
3.8920827877939876,4092,1908,6.795084689471935e-21,3.1683825971438058e-21,0.101
3.893348339704075,4091,1909,6.793424111590833e-21,3.1700431750249086e-21,0.101
3.896703158377502,4090,1910,6.791763533709731e-21,3.171703752906011e-21,0.101
3.896959798415879,4089,1911,6.790102955828628e-21,3.1733643307871137e-21,0.101
3.898491232250685,4088,1912,6.788442377947526e-21,3.1750249086682165e-21,0.101
3.8994767565170396,4087,1913,6.786781800066422e-21,3.176685486549319e-21,0.101
3.9071674380119275,4086,1914,6.78512122218532e-21,3.1783460644304217e-21,0.101
3.9102252181880695,4085,1915,6.783460644304218e-21,3.1800066423115245e-21,0.101
3.9131682208933802,4084,1916,6.781800066423115e-21,3.181667220192627e-21,0.101
3.916229200211606,4083,1917,6.780139488542013e-21,3.1833277980737296e-21,0.101
3.9212451046377184,4082,1918,6.778478910660909e-21,3.184988375954832e-21,0.101
3.9246384036552264,4081,1919,6.776818332779807e-21,3.1866489538359348e-21,0.101
3.9263546817515187,4080,1920,6.775157754898704e-21,3.1883095317170376e-21,0.101
3.928119245913507,4079,1921,6.7734971770176015e-21,3.18997010959814e-21,0.101
3.930231929118714,4078,1922,6.7718365991364995e-21,3.1916306874792427e-21,0.101
3.9311204297558597,4077,1923,6.770176021255397e-21,3.193291265360345e-21,0.101
3.9333056546821177,4076,1924,6.768515443374294e-21,3.194951843241448e-21,0.101
3.934855341363802,4075,1925,6.766854865493191e-21,3.1966124211225507e-21,0.101
3.936948363601962,4074,1926,6.7651942876120884e-21,3.198272999003653e-21,0.101
3.953236653365972,4073,1927,6.7635337097309864e-21,3.199933576884756e-21,0.101
3.954723887138661,4072,1928,6.7618731318498836e-21,3.2015941547658582e-21,0.101
3.955317946091787,4071,1929,6.760212553968781e-21,3.203254732646961e-21,0.101
3.9642665011808216,4070,1930,6.758551976087678e-21,3.2049153105280638e-21,0.101
3.9647100183981867,4069,1931,6.756891398206575e-21,3.206575888409166e-21,0.101
3.966693903284524,4068,1932,6.755230820325473e-21,3.208236466290269e-21,0.101
3.973515488747388,4067,1933,6.7535702424443705e-21,3.2098970441713713e-21,0.101
3.975063688947623,4066,1934,6.751909664563268e-21,3.211557622052474e-21,0.101
3.9753544870037776,4065,1935,6.750249086682165e-21,3.213218199933577e-21,0.101
3.9806659765964683,4064,1936,6.748588508801062e-21,3.2148787778146793e-21,0.101
3.9851956519965226,4063,1937,6.74692793091996e-21,3.216539355695782e-21,0.101
3.985463918289027,4062,1938,6.7452673530388574e-21,3.2181999335768844e-21,0.101
3.9862027332148937,4061,1939,6.743606775157755e-21,3.2198605114579872e-21,0.101
3.9882127161512906,4060,1940,6.741946197276652e-21,3.22152108933909e-21,0.101
3.988381519760631,4059,1941,6.740285619395549e-21,3.2231816672201924e-21,0.101
3.9897224892133156,4058,1942,6.738625041514447e-21,3.224842245101295e-21,0.101
3.990911024877909,4057,1943,6.736964463633344e-21,3.2265028229823976e-21,0.101
3.9912824588191462,4056,1944,6.7353038857522415e-21,3.2281634008635003e-21,0.101
3.994450238665401,4055,1945,6.733643307871139e-21,3.229823978744603e-21,0.101
3.995537326840829,4054,1946,6.731982729990036e-21,3.2314845566257055e-21,0.101
4.003915022077415,4053,1947,6.730322152108934e-21,3.2331451345068083e-21,0.101
4.005766521340178,4052,1948,6.728661574227831e-21,3.2348057123879107e-21,0.101
4.012375240125184,4051,1949,6.7270009963467284e-21,3.2364662902690134e-21,0.101
4.014469422569891,4050,1950,6.725340418465626e-21,3.2381268681501162e-21,0.101
4.015554954858856,4049,1951,6.723679840584523e-21,3.2397874460312186e-21,0.101
4.015616959810823,4048,1952,6.722019262703421e-21,3.2414480239123214e-21,0.101
4.016235964028262,4047,1953,6.720358684822318e-21,3.243108601793424e-21,0.101
4.022716150808584,4046,1954,6.718698106941215e-21,3.2447691796745265e-21,0.101
4.025593512446961,4045,1955,6.7170375290601125e-21,3.2464297575556293e-21,0.101
4.028422334365419,4044,1956,6.71537695117901e-21,3.2480903354367317e-21,0.101
4.031304792001329,4043,1957,6.713716373297907e-21,3.2497509133178345e-21,0.101
4.0317490955825805,4042,1958,6.712055795416805e-21,3.2514114911989373e-21,0.101
4.033363905438197,4041,1959,6.710395217535702e-21,3.2530720690800396e-21,0.101
4.033802544136032,4040,1960,6.7087346396545994e-21,3.2547326469611424e-21,0.101
4.036074590449946,4039,1961,6.707074061773497e-21,3.256393224842245e-21,0.101
4.0368242758264445,4038,1962,6.705413483892394e-21,3.2580538027233476e-21,0.101
4.045594562906626,4037,1963,6.703752906011292e-21,3.2597143806044504e-21,0.101
4.0466963954533375,4036,1964,6.702092328130189e-21,3.2613749584855528e-21,0.101
4.046887590828135,4035,1965,6.700431750249086e-21,3.2630355363666555e-21,0.101
4.04739951774916,4034,1966,6.6987711723679836e-21,3.264696114247758e-21,0.101
4.048981784599241,4033,1967,6.697110594486881e-21,3.2663566921288607e-21,0.101
4.049338391397542,4032,1968,6.695450016605779e-21,3.2680172700099635e-21,0.101
4.0509353509848,4031,1969,6.693789438724676e-21,3.269677847891066e-21,0.101
4.0538686461160465,4030,1970,6.692128860843573e-21,3.2713384257721686e-21,0.101
4.05506642297932,4029,1971,6.6904682829624704e-21,3.272999003653271e-21,0.101
4.055072787845143,4028,1972,6.688807705081368e-21,3.2746595815343738e-21,0.101
4.061561351597884,4027,1973,6.687147127200266e-21,3.2763201594154766e-21,0.101
4.06594311050931,4026,1974,6.685486549319163e-21,3.277980737296579e-21,0.101
4.067238982274319,4025,1975,6.68382597143806e-21,3.2796413151776817e-21,0.101
4.071272069082763,4024,1976,6.682165393556957e-21,3.281301893058784e-21,0.101
4.078178160614061,4023,1977,6.6805048156758546e-21,3.282962470939887e-21,0.101
4.08336236838321,4022,1978,6.6788442377947525e-21,3.2846230488209897e-21,0.101
4.083405169089914,4021,1979,6.67718365991365e-21,3.286283626702092e-21,0.101
4.087135249203021,4020,1980,6.675523082032547e-21,3.287944204583195e-21,0.101
4.087529263302237,4019,1981,6.673862504151444e-21,3.2896047824642972e-21,0.101
4.09065829501074,4018,1982,6.6722019262703415e-21,3.2912653603454e-21,0.101
4.098693233711465,4017,1983,6.6705413483892394e-21,3.2929259382265028e-21,0.101
4.101690159601631,4016,1984,6.668880770508137e-21,3.2945865161076052e-21,0.101
4.10430395098846,4015,1985,6.667220192627034e-21,3.296247093988708e-21,0.101
4.1080902251934335,4014,1986,6.665559614745931e-21,3.2979076718698107e-21,0.101
4.108473629896044,4013,1987,6.663899036864828e-21,3.299568249750913e-21,0.101
4.112566102299814,4012,1988,6.662238458983726e-21,3.301228827632016e-21,0.101
4.113399844994459,4011,1989,6.6605778811026236e-21,3.3028894055131183e-21,0.101
4.115384679687994,4010,1990,6.658917303221521e-21,3.304549983394221e-21,0.101
4.115665552621525,4009,1991,6.657256725340418e-21,3.306210561275324e-21,0.101
4.117839939273732,4008,1992,6.655596147459315e-21,3.3078711391564262e-21,0.101
4.118496073910541,4007,1993,6.653935569578213e-21,3.309531717037529e-21,0.101
4.120088702380356,4006,1994,6.6522749916971104e-21,3.3111922949186314e-21,0.101
4.122638272532301,4005,1995,6.650614413816008e-21,3.312852872799734e-21,0.101
4.126903987399388,4004,1996,6.648953835934905e-21,3.314513450680837e-21,0.101
4.130541564660201,4003,1997,6.647293258053802e-21,3.3161740285619393e-21,0.101
4.130652731514528,4002,1998,6.6456326801727e-21,3.317834606443042e-21,0.101
4.131704578298418,4001,1999,6.643972102291597e-21,3.3194951843241445e-21,0.101
4.140367957647442,4000,2000,6.6423115244104946e-21,3.3211557622052473e-21,0.101
4.140843130300859,3999,2001,6.640650946529392e-21,3.32281634008635e-21,0.101
4.143036987551659,3998,2002,6.638990368648289e-21,3.3244769179674525e-21,0.101
4.143551101436923,3997,2003,6.637329790767187e-21,3.3261374958485552e-21,0.101
4.146756183838103,3996,2004,6.635669212886084e-21,3.3277980737296576e-21,0.101
4.148237737674444,3995,2005,6.6340086350049815e-21,3.3294586516107604e-21,0.101
4.151785811115624,3994,2006,6.632348057123879e-21,3.331119229491863e-21,0.101
4.152791229688635,3993,2007,6.630687479242776e-21,3.3327798073729656e-21,0.101
4.158042664892901,3992,2008,6.629026901361674e-21,3.3344403852540683e-21,0.101
4.158224630105768,3991,2009,6.627366323480571e-21,3.3361009631351707e-21,0.101
4.1589203680474505,3990,2010,6.625705745599468e-21,3.3377615410162735e-21,0.101
4.159706954013462,3989,2011,6.6240451677183656e-21,3.3394221188973763e-21,0.101
4.161575048782379,3988,2012,6.622384589837263e-21,3.3410826967784787e-21,0.101
4.163703039749549,3987,2013,6.620724011956161e-21,3.3427432746595814e-21,0.101
4.165426219169979,3986,2014,6.619063434075058e-21,3.344403852540684e-21,0.101
4.17170374007201,3985,2015,6.617402856193955e-21,3.3460644304217866e-21,0.101
4.173717912096928,3984,2016,6.6157422783128525e-21,3.3477250083028894e-21,0.101
4.17774189308522,3983,2017,6.61408170043175e-21,3.3493855861839918e-21,0.101
4.180141419969988,3982,2018,6.612421122550648e-21,3.3510461640650945e-21,0.101
4.182767238295808,3981,2019,6.610760544669545e-21,3.352706741946197e-21,0.101
4.183427976951175,3980,2020,6.609099966788442e-21,3.3543673198272997e-21,0.101
4.189927140702293,3979,2021,6.607439388907339e-21,3.3560278977084025e-21,0.101
4.190323592777211,3978,2022,6.6057788110262366e-21,3.357688475589505e-21,0.101
4.190620966974503,3977,2023,6.6041182331451346e-21,3.3593490534706077e-21,0.101
4.193872191454612,3976,2024,6.602457655264032e-21,3.3610096313517104e-21,0.101
4.194410205131793,3975,2025,6.600797077382929e-21,3.362670209232813e-21,0.101
4.194582840928187,3974,2026,6.599136499501826e-21,3.3643307871139156e-21,0.101
4.195758242827435,3973,2027,6.5974759216207235e-21,3.365991364995018e-21,0.101
4.19718544572952,3972,2028,6.5958153437396215e-21,3.3676519428761208e-21,0.101
4.197585348963567,3971,2029,6.594154765858519e-21,3.3693125207572235e-21,0.101
4.197787063640779,3970,2030,6.592494187977416e-21,3.370973098638326e-21,0.101
4.1977964735869335,3969,2031,6.590833610096313e-21,3.3726336765194287e-21,0.101
4.200601545808739,3968,2032,6.5891730322152104e-21,3.374294254400531e-21,0.101
4.203157768578703,3967,2033,6.5875124543341076e-21,3.375954832281634e-21,0.101
4.206060826334578,3966,2034,6.5858518764530056e-21,3.3776154101627366e-21,0.101
4.2102260419125175,3965,2035,6.584191298571903e-21,3.379275988043839e-21,0.101
4.2114263908856415,3964,2036,6.5825307206908e-21,3.3809365659249418e-21,0.101
4.211821081511338,3963,2037,6.580870142809697e-21,3.3825971438060442e-21,0.101
4.214285480090654,3962,2038,6.5792095649285945e-21,3.384257721687147e-21,0.101
4.215317012810386,3961,2039,6.5775489870474925e-21,3.3859182995682498e-21,0.101
4.216307721529296,3960,2040,6.57588840916639e-21,3.387578877449352e-21,0.101
4.217163694614901,3959,2041,6.574227831285287e-21,3.3892394553304545e-21,0.101
4.221731566545002,3958,2042,6.572567253404184e-21,3.390900033211557e-21,0.101
4.2252799479788345,3957,2043,6.5709066755230814e-21,3.39256061109266e-21,0.101
4.226976089033477,3956,2044,6.569246097641979e-21,3.394221188973763e-21,0.101
4.231128810776175,3955,2045,6.5675855197608766e-21,3.395881766854866e-21,0.101
4.232369256931212,3954,2046,6.565924941879774e-21,3.397542344735968e-21,0.101
4.232625673530526,3953,2047,6.564264363998671e-21,3.3992029226170704e-21,0.101
4.241394067832308,3952,2048,6.562603786117568e-21,3.400863500498173e-21,0.101
4.241941848416402,3951,2049,6.560943208236466e-21,3.402524078379276e-21,0.101
4.242537248795038,3950,2050,6.5592826303553635e-21,3.404184656260379e-21,0.101
4.242823020528913,3949,2051,6.557622052474261e-21,3.405845234141481e-21,0.101
4.242945612639037,3948,2052,6.555961474593158e-21,3.4075058120225835e-21,0.101
4.246490383142937,3947,2053,6.554300896712055e-21,3.409166389903686e-21,0.101
4.24745851403397,3946,2054,6.552640318830953e-21,3.410826967784789e-21,0.101
4.248636545402894,3945,2055,6.5509797409498504e-21,3.412487545665892e-21,0.101
4.249050764252023,3944,2056,6.5493191630687476e-21,3.414148123546994e-21,0.101
4.249880886577384,3943,2057,6.547658585187645e-21,3.415808701428097e-21,0.101
4.251880226907982,3942,2058,6.545998007306542e-21,3.4174692793091994e-21,0.101
4.252579258760236,3941,2059,6.54433742942544e-21,3.419129857190302e-21,0.101
4.257721592992563,3940,2060,6.542676851544337e-21,3.420790435071405e-21,0.101
4.257838984584528,3939,2061,6.5410162736632345e-21,3.422451012952507e-21,0.101
4.258393460495024,3938,2062,6.539355695782132e-21,3.42411159083361e-21,0.101
4.259554060318928,3937,2063,6.537695117901029e-21,3.4257721687147125e-21,0.101
4.265657259032557,3936,2064,6.536034540019927e-21,3.427432746595815e-21,0.101
4.277472115287294,3935,2065,6.534373962138824e-21,3.429093324476918e-21,0.101
4.278844248100894,3934,2066,6.5327133842577214e-21,3.43075390235802e-21,0.101
4.279489860991579,3933,2067,6.5310528063766186e-21,3.432414480239123e-21,0.101
4.280121399088932,3932,2068,6.529392228495516e-21,3.434075058120226e-21,0.101
4.281945074131,3931,2069,6.527731650614414e-21,3.4357356360013284e-21,0.101
4.282292918155277,3930,2070,6.526071072733311e-21,3.437396213882431e-21,0.101
4.284024884772643,3929,2071,6.524410494852208e-21,3.439056791763533e-21,0.101
4.284066478101855,3928,2072,6.5227499169711055e-21,3.440717369644636e-21,0.101
4.285925799798795,3927,2073,6.521089339090003e-21,3.442377947525739e-21,0.101
4.289593741672949,3926,2074,6.519428761208901e-21,3.4440385254068415e-21,0.101
4.292499444086007,3925,2075,6.517768183327798e-21,3.445699103287944e-21,0.101
4.3009203474596065,3924,2076,6.516107605446695e-21,3.447359681169046e-21,0.101
4.3015845188508015,3923,2077,6.5144470275655924e-21,3.449020259050149e-21,0.101
4.304286942603978,3922,2078,6.51278644968449e-21,3.450680836931252e-21,0.101
4.309172889937989,3921,2079,6.5111258718033876e-21,3.4523414148123546e-21,0.101
4.3134725283534365,3920,2080,6.509465293922285e-21,3.4540019926934574e-21,0.101
4.313757435620682,3919,2081,6.507804716041182e-21,3.45566257057456e-21,0.101
4.31508587098547,3918,2082,6.506144138160079e-21,3.457323148455662e-21,0.101
4.3278484318056964,3917,2083,6.5044835602789765e-21,3.458983726336765e-21,0.101
4.3281870185091975,3916,2084,6.5028229823978745e-21,3.460644304217868e-21,0.101
4.330246551327534,3915,2085,6.501162404516772e-21,3.4623048820989705e-21,0.101
4.330513015480467,3914,2086,6.499501826635669e-21,3.463965459980073e-21,0.101
4.331243786585087,3913,2087,6.497841248754566e-21,3.465626037861175e-21,0.101
4.333081687158317,3912,2088,6.4961806708734634e-21,3.467286615742278e-21,0.101
4.333197972287388,3911,2089,6.4945200929923614e-21,3.468947193623381e-21,0.101
4.336216923778753,3910,2090,6.492859515111259e-21,3.4706077715044836e-21,0.101
4.336245787894148,3909,2091,6.491198937230156e-21,3.472268349385586e-21,0.101
4.33743141958319,3908,2092,6.489538359349053e-21,3.4739289272666884e-21,0.101
4.33901435649024,3907,2093,6.48787778146795e-21,3.475589505147791e-21,0.101
4.343479594881393,3906,2094,6.486217203586848e-21,3.477250083028894e-21,0.101
4.344399481650061,3905,2095,6.4845566257057455e-21,3.478910660909997e-21,0.101
4.351082276980024,3904,2096,6.482896047824643e-21,3.4805712387910995e-21,0.101
4.358831999494016,3903,2097,6.48123546994354e-21,3.4822318166722015e-21,0.101
4.35910542145489,3902,2098,6.479574892062437e-21,3.483892394553304e-21,0.101
4.361465472680838,3901,2099,6.477914314181335e-21,3.485552972434407e-21,0.101
4.364061068441165,3900,2100,6.4762537363002324e-21,3.48721355031551e-21,0.101
4.366128287044087,3899,2101,6.47459315841913e-21,3.4888741281966126e-21,0.101
4.373965424002002,3898,2102,6.472932580538027e-21,3.4905347060777146e-21,0.101
4.375360543956943,3897,2103,6.471272002656924e-21,3.4921952839588174e-21,0.101
4.375403338155508,3896,2104,6.469611424775821e-21,3.49385586183992e-21,0.101
4.376087350962197,3895,2105,6.467950846894719e-21,3.495516439721023e-21,0.101
4.376255867987603,3894,2106,6.4662902690136165e-21,3.497177017602126e-21,0.101
4.37722245223402,3893,2107,6.464629691132514e-21,3.498837595483228e-21,0.101
4.380883585340198,3892,2108,6.462969113251411e-21,3.5004981733643305e-21,0.101
4.382766526832152,3891,2109,6.461308535370308e-21,3.502158751245433e-21,0.101
4.386428864054647,3890,2110,6.459647957489206e-21,3.503819329126536e-21,0.101
4.388311187310648,3889,2111,6.4579873796081034e-21,3.505479907007639e-21,0.101
4.396456043982237,3888,2112,6.456326801727001e-21,3.507140484888741e-21,0.101
4.398220307872668,3887,2113,6.454666223845898e-21,3.5088010627698436e-21,0.101
4.399991200979848,3886,2114,6.453005645964795e-21,3.510461640650946e-21,0.101
4.40711825310963,3885,2115,6.451345068083693e-21,3.512122218532049e-21,0.101
4.412662238771007,3884,2116,6.44968449020259e-21,3.513782796413152e-21,0.101
4.413959889989532,3883,2117,6.4480239123214875e-21,3.515443374294254e-21,0.101
4.416508217484516,3882,2118,6.446363334440385e-21,3.517103952175357e-21,0.101
4.420627836638035,3881,2119,6.444702756559282e-21,3.5187645300564595e-21,0.101
4.421207130392001,3880,2120,6.44304217867818e-21,3.520425107937562e-21,0.101
4.425502454059362,3879,2121,6.441381600797077e-21,3.522085685818665e-21,0.101
4.430250264758617,3878,2122,6.4397210229159744e-21,3.523746263699767e-21,0.101
4.430759855249691,3877,2123,6.438060445034872e-21,3.52540684158087e-21,0.101
4.433038869289525,3876,2124,6.436399867153769e-21,3.5270674194619726e-21,0.101
4.434293330992881,3875,2125,6.434739289272667e-21,3.528727997343075e-21,0.101
4.436949397299541,3874,2126,6.433078711391564e-21,3.530388575224178e-21,0.101
4.43921137974323,3873,2127,6.431418133510461e-21,3.53204915310528e-21,0.101
4.451850193605611,3872,2128,6.4297575556293586e-21,3.533709730986383e-21,0.101
4.452418570944737,3871,2129,6.428096977748256e-21,3.535370308867486e-21,0.101
4.454453099989595,3870,2130,6.426436399867154e-21,3.5370308867485885e-21,0.101
4.461959714818471,3869,2131,6.424775821986051e-21,3.538691464629691e-21,0.101
4.462026033399067,3868,2132,6.423115244104948e-21,3.540352042510793e-21,0.101
4.46596996227241,3867,2133,6.4214546662238454e-21,3.542012620391896e-21,0.101
4.468850876318864,3866,2134,6.419794088342743e-21,3.543673198272999e-21,0.101
4.470320169464479,3865,2135,6.418133510461641e-21,3.5453337761541016e-21,0.101
4.470770727937715,3864,2136,6.416472932580538e-21,3.546994354035204e-21,0.101
4.472848695257161,3863,2137,6.414812354699435e-21,3.548654931916306e-21,0.101
4.47433975513242,3862,2138,6.413151776818332e-21,3.550315509797409e-21,0.101
4.475136557437624,3861,2139,6.4114911989372296e-21,3.551976087678512e-21,0.101
4.477516363588408,3860,2140,6.4098306210561275e-21,3.553636665559615e-21,0.101
4.477696811095049,3859,2141,6.408170043175025e-21,3.5552972434407175e-21,0.101
4.488331193390746,3858,2142,6.406509465293922e-21,3.5569578213218195e-21,0.101
4.488773267945306,3857,2143,6.404848887412819e-21,3.558618399202922e-21,0.101
4.4888293495869735,3856,2144,6.4031883095317165e-21,3.560278977084025e-21,0.101
4.490325400338318,3855,2145,6.4015277316506144e-21,3.561939554965128e-21,0.101
4.491024232515699,3854,2146,6.399867153769512e-21,3.5636001328462306e-21,0.101
4.493889318667269,3853,2147,6.398206575888409e-21,3.5652607107273326e-21,0.101
4.500184226573613,3852,2148,6.396545998007306e-21,3.566921288608435e-21,0.101
4.501026646496445,3851,2149,6.394885420126203e-21,3.568581866489538e-21,0.101
4.502815405704648,3850,2150,6.393224842245101e-21,3.570242444370641e-21,0.101
4.510263839206079,3849,2151,6.3915642643639986e-21,3.571903022251744e-21,0.101
4.513427129240313,3848,2152,6.389903686482896e-21,3.5735636001328464e-21,0.101
4.524914516179475,3847,2153,6.388243108601793e-21,3.5752241780139485e-21,0.101
4.52633093916256,3846,2154,6.38658253072069e-21,3.576884755895051e-21,0.101
4.530631627291254,3845,2155,6.384921952839588e-21,3.578545333776154e-21,0.101
4.531421807231315,3844,2156,6.3832613749584855e-21,3.580205911657257e-21,0.101
4.53496495651805,3843,2157,6.381600797077383e-21,3.5818664895383595e-21,0.101
4.535457420583459,3842,2158,6.37994021919628e-21,3.5835270674194616e-21,0.101
4.536195515181226,3841,2159,6.378279641315177e-21,3.585187645300564e-21,0.101
4.544776419891258,3840,2160,6.376619063434075e-21,3.586848223181667e-21,0.101
4.549875609265188,3839,2161,6.374958485552972e-21,3.58850880106277e-21,0.101
4.554223253519304,3838,2162,6.3732979076718696e-21,3.590169378943873e-21,0.101
4.556071639769732,3837,2163,6.371637329790767e-21,3.591829956824975e-21,0.101
4.556357285332107,3836,2164,6.369976751909664e-21,3.5934905347060774e-21,0.101
4.5593687389455875,3835,2165,6.368316174028562e-21,3.59515111258718e-21,0.101
4.571199219332685,3834,2166,6.366655596147459e-21,3.596811690468283e-21,0.101
4.573776892273087,3833,2167,6.3649950182663565e-21,3.598472268349386e-21,0.101
4.5768114965697215,3832,2168,6.363334440385254e-21,3.600132846230488e-21,0.101
4.578864722867737,3831,2169,6.361673862504151e-21,3.6017934241115906e-21,0.101
4.580279811864529,3830,2170,6.360013284623049e-21,3.603454001992693e-21,0.101
4.580712721174498,3829,2171,6.358352706741946e-21,3.605114579873796e-21,0.101
4.580793894931329,3828,2172,6.356692128860843e-21,3.606775157754899e-21,0.101
4.591173469173533,3827,2173,6.3550315509797406e-21,3.608435735636001e-21,0.101
4.593055865935848,3826,2174,6.353370973098638e-21,3.610096313517104e-21,0.101
4.59942378238693,3825,2175,6.351710395217535e-21,3.6117568913982064e-21,0.101
4.601257230184088,3824,2176,6.350049817336433e-21,3.613417469279309e-21,0.101
4.604330832479073,3823,2177,6.34838923945533e-21,3.615078047160412e-21,0.101
4.606143986445837,3822,2178,6.3467286615742275e-21,3.616738625041514e-21,0.101
4.606707913322294,3821,2179,6.345068083693125e-21,3.618399202922617e-21,0.101
4.611943781443279,3820,2180,6.343407505812022e-21,3.6200597808037195e-21,0.101
4.612117479513378,3819,2181,6.34174692793092e-21,3.621720358684822e-21,0.101
4.6143679528862815,3818,2182,6.340086350049817e-21,3.623380936565925e-21,0.101
4.6155713114237535,3817,2183,6.338425772168714e-21,3.625041514447027e-21,0.101
4.619305827119239,3816,2184,6.3367651942876116e-21,3.62670209232813e-21,0.101
4.622821404467097,3815,2185,6.335104616406509e-21,3.628362670209233e-21,0.101
4.624205364609609,3814,2186,6.333444038525407e-21,3.6300232480903354e-21,0.101
4.626846761336368,3813,2187,6.331783460644304e-21,3.631683825971438e-21,0.101
4.629349002364918,3812,2188,6.330122882763201e-21,3.63334440385254e-21,0.101
4.631707867731829,3811,2189,6.3284623048820985e-21,3.635004981733643e-21,0.101
4.633437434473888,3810,2190,6.326801727000996e-21,3.636665559614746e-21,0.101
4.635575369095068,3809,2191,6.325141149119894e-21,3.6383261374958485e-21,0.101
4.637507455830631,3808,2192,6.323480571238791e-21,3.639986715376951e-21,0.101
4.638434239004065,3807,2193,6.321819993357688e-21,3.641647293258053e-21,0.101
4.641119410569087,3806,2194,6.3201594154765854e-21,3.643307871139156e-21,0.101
4.641409245531076,3805,2195,6.3184988375954826e-21,3.644968449020259e-21,0.101
4.6446646753972685,3804,2196,6.3168382597143806e-21,3.646629026901362e-21,0.101
4.6504124763045915,3803,2197,6.315177681833278e-21,3.6482896047824644e-21,0.101
4.65482254855858,3802,2198,6.313517103952175e-21,3.6499501826635664e-21,0.101
4.655427386132665,3801,2199,6.311856526071072e-21,3.651610760544669e-21,0.101
4.656024592189081,3800,2200,6.3101959481899695e-21,3.653271338425772e-21,0.101
4.659700146177922,3799,2201,6.3085353703088675e-21,3.654931916306875e-21,0.101
4.660945303141544,3798,2202,6.306874792427765e-21,3.6565924941879775e-21,0.101
4.661585753318214,3797,2203,6.305214214546662e-21,3.6582530720690795e-21,0.101
4.664127150004273,3796,2204,6.303553636665559e-21,3.659913649950182e-21,0.101
4.666980086681265,3795,2205,6.3018930587844564e-21,3.661574227831285e-21,0.101
4.669349823754213,3794,2206,6.300232480903354e-21,3.663234805712388e-21,0.101
4.670243204003496,3793,2207,6.2985719030222516e-21,3.664895383593491e-21,0.101
4.674944342022573,3792,2208,6.296911325141149e-21,3.666555961474593e-21,0.101
4.675988543542797,3791,2209,6.295250747260046e-21,3.6682165393556954e-21,0.101
4.67986613004528,3790,2210,6.293590169378943e-21,3.669877117236798e-21,0.101
4.688831736269427,3789,2211,6.291929591497841e-21,3.671537695117901e-21,0.101
4.6901374339021356,3788,2212,6.2902690136167385e-21,3.673198272999004e-21,0.101
4.690288313324252,3787,2213,6.288608435735636e-21,3.674858850880106e-21,0.101
4.691754836895293,3786,2214,6.286947857854533e-21,3.6765194287612085e-21,0.101
4.694241286859754,3785,2215,6.28528727997343e-21,3.678180006642311e-21,0.101
4.6945483579902945,3784,2216,6.283626702092328e-21,3.679840584523414e-21,0.101
4.694644000046068,3783,2217,6.2819661242112254e-21,3.681501162404517e-21,0.101
4.698427743217197,3782,2218,6.2803055463301226e-21,3.683161740285619e-21,0.101
4.7011542749469735,3781,2219,6.27864496844902e-21,3.684822318166722e-21,0.101
4.703746374465923,3780,2220,6.276984390567917e-21,3.6864828960478244e-21,0.101
4.70726309123173,3779,2221,6.275323812686815e-21,3.688143473928927e-21,0.101
4.70913962593969,3778,2222,6.273663234805712e-21,3.68980405181003e-21,0.101
4.7108621460452405,3777,2223,6.2720026569246095e-21,3.691464629691133e-21,0.101
4.712318832546335,3776,2224,6.270342079043507e-21,3.693125207572235e-21,0.101
4.717838351625086,3775,2225,6.268681501162404e-21,3.6947857854533375e-21,0.101
4.717969879008428,3774,2226,6.267020923281302e-21,3.69644636333444e-21,0.101
4.720909428055293,3773,2227,6.265360345400199e-21,3.698106941215543e-21,0.101
4.721735688478547,3772,2228,6.2636997675190964e-21,3.699767519096646e-21,0.101
4.725340841532755,3771,2229,6.262039189637994e-21,3.701428096977748e-21,0.101
4.72909411682454,3770,2230,6.260378611756891e-21,3.7030886748588506e-21,0.101
4.731071414351928,3769,2231,6.258718033875789e-21,3.7047492527399534e-21,0.101
4.7325605329918545,3768,2232,6.257057455994686e-21,3.706409830621056e-21,0.101
4.746718374983479,3767,2233,6.255396878113583e-21,3.708070408502159e-21,0.101
4.751611313622345,3766,2234,6.2537363002324805e-21,3.709730986383261e-21,0.101
4.755986061574624,3765,2235,6.252075722351378e-21,3.711391564264364e-21,0.101
4.7594714240399565,3764,2236,6.250415144470276e-21,3.7130521421454665e-21,0.101
4.7680738944872445,3763,2237,6.248754566589173e-21,3.714712720026569e-21,0.101
4.773201783106809,3762,2238,6.24709398870807e-21,3.716373297907672e-21,0.101
4.7743679311729155,3761,2239,6.2454334108269674e-21,3.718033875788774e-21,0.101
4.775098131485733,3760,2240,6.243772832945865e-21,3.719694453669877e-21,0.101
4.780924501501242,3759,2241,6.2421122550647626e-21,3.7213550315509796e-21,0.101
4.78586807398972,3758,2242,6.24045167718366e-21,3.7230156094320824e-21,0.101
4.786600231756498,3757,2243,6.238791099302557e-21,3.724676187313185e-21,0.101
4.789097986777256,3756,2244,6.237130521421454e-21,3.726336765194287e-21,0.101
4.791071744308665,3755,2245,6.2354699435403515e-21,3.72799734307539e-21,0.101
4.792625665103276,3754,2246,6.2338093656592495e-21,3.729657920956493e-21,0.101
4.800283850348889,3753,2247,6.232148787778147e-21,3.7313184988375955e-21,0.101
4.801035956722001,3752,2248,6.230488209897044e-21,3.732979076718698e-21,0.101
4.801848441987455,3751,2249,6.228827632015941e-21,3.7346396545998e-21,0.101
4.803835589713302,3750,2250,6.2271670541348384e-21,3.736300232480903e-21,0.101
4.804737679157582,3749,2251,6.225506476253736e-21,3.737960810362006e-21,0.101
4.804842942080362,3748,2252,6.223845898372634e-21,3.7396213882431086e-21,0.101
4.806169440288541,3747,2253,6.222185320491531e-21,3.741281966124211e-21,0.101
4.808104953263008,3746,2254,6.220524742610428e-21,3.7429425440053134e-21,0.101
4.8100814062386785,3745,2255,6.218864164729325e-21,3.744603121886416e-21,0.101
4.810751476950671,3744,2256,6.2172035868482225e-21,3.746263699767519e-21,0.101
4.8125760174662675,3743,2257,6.2155430089671205e-21,3.747924277648622e-21,0.101
4.813076984731187,3742,2258,6.213882431086018e-21,3.7495848555297245e-21,0.101
4.816883065870651,3741,2259,6.212221853204915e-21,3.7512454334108265e-21,0.101
4.819635010143046,3740,2260,6.210561275323812e-21,3.752906011291929e-21,0.101
4.821169869814811,3739,2261,6.2089006974427094e-21,3.754566589173032e-21,0.101
4.823431118124905,3738,2262,6.2072401195616074e-21,3.756227167054135e-21,0.101
4.827417360632825,3737,2263,6.205579541680505e-21,3.7578877449352376e-21,0.101
4.82974865541564,3736,2264,6.203918963799402e-21,3.7595483228163396e-21,0.101
4.830529045815033,3735,2265,6.202258385918299e-21,3.7612089006974424e-21,0.101
4.834168452696074,3734,2266,6.200597808037196e-21,3.762869478578545e-21,0.101
4.836548073248435,3733,2267,6.198937230156094e-21,3.764530056459648e-21,0.101
4.839646080295859,3732,2268,6.1972766522749915e-21,3.766190634340751e-21,0.101
4.847681123207245,3731,2269,6.195616074393889e-21,3.767851212221853e-21,0.101
4.849833447374082,3730,2270,6.193955496512786e-21,3.7695117901029555e-21,0.101
4.855100628016092,3729,2271,6.192294918631683e-21,3.771172367984058e-21,0.101
4.855236396929261,3728,2272,6.190634340750581e-21,3.772832945865161e-21,0.101
4.860106124671172,3727,2273,6.1889737628694784e-21,3.774493523746264e-21,0.101
4.863587847120279,3726,2274,6.187313184988376e-21,3.776154101627366e-21,0.101
4.866461928775639,3725,2275,6.185652607107273e-21,3.7778146795084686e-21,0.101
4.868025084725998,3724,2276,6.18399202922617e-21,3.779475257389571e-21,0.101
4.870815905026809,3723,2277,6.182331451345068e-21,3.781135835270674e-21,0.101
4.876354252061566,3722,2278,6.180670873463965e-21,3.782796413151777e-21,0.101
4.878329096989756,3721,2279,6.1790102955828625e-21,3.784456991032879e-21,0.101
4.8805638109380745,3720,2280,6.17734971770176e-21,3.786117568913982e-21,0.101
4.884152625057926,3719,2281,6.175689139820657e-21,3.7877781467950845e-21,0.101
4.888281471576018,3718,2282,6.174028561939555e-21,3.789438724676187e-21,0.101
4.891390880191967,3717,2283,6.172367984058452e-21,3.79109930255729e-21,0.101
4.892834395499961,3716,2284,6.1707074061773494e-21,3.792759880438392e-21,0.101
4.896055596131289,3715,2285,6.169046828296247e-21,3.794420458319495e-21,0.101
4.896746805511535,3714,2286,6.167386250415144e-21,3.7960810362005976e-21,0.101
4.897094585323127,3713,2287,6.165725672534042e-21,3.7977416140817e-21,0.101
4.897829666315256,3712,2288,6.164065094652939e-21,3.799402191962803e-21,0.101
4.90074161354058,3711,2289,6.162404516771836e-21,3.801062769843905e-21,0.101
4.908954537436492,3710,2290,6.1607439388907336e-21,3.802723347725008e-21,0.101
4.9096892291702785,3709,2291,6.159083361009631e-21,3.804383925606111e-21,0.101
4.909903146234363,3708,2292,6.157422783128529e-21,3.8060445034872135e-21,0.101
4.918483482992159,3707,2293,6.155762205247426e-21,3.807705081368316e-21,0.101
4.920056430311103,3706,2294,6.154101627366323e-21,3.809365659249418e-21,0.101
4.920966573010968,3705,2295,6.1524410494852205e-21,3.811026237130521e-21,0.101
4.92390625535323,3704,2296,6.150780471604118e-21,3.812686815011624e-21,0.101
4.925657285186327,3703,2297,6.149119893723016e-21,3.8143473928927266e-21,0.101
4.928043472538208,3702,2298,6.147459315841913e-21,3.816007970773829e-21,0.101
4.93311978970255,3701,2299,6.14579873796081e-21,3.817668548654932e-21,0.101
4.937464505511137,3700,2300,6.144138160079707e-21,3.819329126536034e-21,0.101
4.938813919611991,3699,2301,6.1424775821986046e-21,3.820989704417137e-21,0.101
4.9476784695841785,3698,2302,6.1408170043175026e-21,3.82265028229824e-21,0.101
4.949269400987109,3697,2303,6.1391564264364e-21,3.8243108601793424e-21,0.101
4.9508720776647674,3696,2304,6.137495848555297e-21,3.825971438060445e-21,0.101
4.955100792171332,3695,2305,6.135835270674194e-21,3.827632015941547e-21,0.101
4.955819596528146,3694,2306,6.1341746927930915e-21,3.82929259382265e-21,0.101
4.956836663171291,3693,2307,6.1325141149119894e-21,3.830953171703753e-21,0.101
4.961237705195372,3692,2308,6.130853537030887e-21,3.8326137495848556e-21,0.101
4.9651367401483455,3691,2309,6.129192959149784e-21,3.834274327465958e-21,0.101
4.97021084232984,3690,2310,6.127532381268681e-21,3.83593490534706e-21,0.101
4.972972497960277,3689,2311,6.125871803387578e-21,3.837595483228163e-21,0.101
4.973344153040847,3688,2312,6.124211225506476e-21,3.839256061109266e-21,0.101
4.979142684819756,3687,2313,6.1225506476253736e-21,3.840916638990369e-21,0.101
4.9807319459080315,3686,2314,6.120890069744271e-21,3.8425772168714714e-21,0.101
4.983827378513784,3685,2315,6.119229491863168e-21,3.8442377947525735e-21,0.101
4.985367317588141,3684,2316,6.117568913982065e-21,3.845898372633676e-21,0.101
4.98539774398827,3683,2317,6.115908336100963e-21,3.847558950514779e-21,0.101
4.987413628810759,3682,2318,6.1142477582198605e-21,3.849219528395882e-21,0.101
4.989845619024146,3681,2319,6.112587180338758e-21,3.8508801062769845e-21,0.101
4.9898600183236095,3680,2320,6.110926602457655e-21,3.8525406841580866e-21,0.101
4.99143167992747,3679,2321,6.109266024576552e-21,3.854201262039189e-21,0.101
4.993133395734141,3678,2322,6.107605446695449e-21,3.855861839920292e-21,0.101
4.9960668054731325,3677,2323,6.105944868814347e-21,3.857522417801395e-21,0.101
4.9988566965245615,3676,2324,6.1042842909332446e-21,3.859182995682498e-21,0.101
4.999224636475149,3675,2325,6.102623713052142e-21,3.8608435735636e-21,0.101
5.006100201995978,3674,2326,6.100963135171039e-21,3.8625041514447024e-21,0.101
5.006374674900544,3673,2327,6.099302557289936e-21,3.864164729325805e-21,0.101
5.007524191925014,3672,2328,6.097641979408834e-21,3.865825307206908e-21,0.101
5.012588972129953,3671,2329,6.0959814015277315e-21,3.867485885088011e-21,0.101
5.015885127148378,3670,2330,6.094320823646629e-21,3.869146462969113e-21,0.101
5.01839122637631,3669,2331,6.092660245765526e-21,3.8708070408502156e-21,0.101
5.023923008775773,3668,2332,6.090999667884423e-21,3.872467618731318e-21,0.101
5.027087810918374,3667,2333,6.089339090003321e-21,3.874128196612421e-21,0.101
5.027505804093355,3666,2334,6.087678512122218e-21,3.875788774493524e-21,0.101
5.027907959582911,3665,2335,6.0860179342411156e-21,3.877449352374626e-21,0.101
5.029789180234097,3664,2336,6.084357356360013e-21,3.879109930255729e-21,0.101
5.034652905087804,3663,2337,6.08269677847891e-21,3.8807705081368314e-21,0.101
5.034856985883123,3662,2338,6.081036200597808e-21,3.882431086017934e-21,0.101
5.036481110527403,3661,2339,6.079375622716705e-21,3.884091663899037e-21,0.101
5.039614379383572,3660,2340,6.0777150448356025e-21,3.885752241780139e-21,0.101
5.042901288472865,3659,2341,6.0760544669545e-21,3.887412819661242e-21,0.101
5.044208791310156,3658,2342,6.074393889073397e-21,3.8890733975423445e-21,0.101
5.045372936824926,3657,2343,6.072733311192295e-21,3.890733975423447e-21,0.101
5.045414460248594,3656,2344,6.071072733311192e-21,3.89239455330455e-21,0.101
5.046037143718055,3655,2345,6.069412155430089e-21,3.894055131185652e-21,0.101
5.046059226407752,3654,2346,6.0677515775489866e-21,3.895715709066755e-21,0.101
5.048380711317123,3653,2347,6.066090999667884e-21,3.897376286947858e-21,0.101
5.048417710620424,3652,2348,6.064430421786782e-21,3.8990368648289604e-21,0.101
5.0492704820529255,3651,2349,6.062769843905679e-21,3.900697442710063e-21,0.101
5.0552619305647735,3650,2350,6.061109266024576e-21,3.902358020591165e-21,0.101
5.056516180320342,3649,2351,6.0594486881434735e-21,3.904018598472268e-21,0.101
5.061136454414384,3648,2352,6.057788110262371e-21,3.905679176353371e-21,0.101
5.061331735312442,3647,2353,6.056127532381269e-21,3.9073397542344735e-21,0.101
5.066828128637123,3646,2354,6.054466954500166e-21,3.909000332115576e-21,0.101
5.067239104334335,3645,2355,6.052806376619063e-21,3.910660909996678e-21,0.101
5.0688591016577575,3644,2356,6.0511457987379604e-21,3.912321487877781e-21,0.101
5.071244710248949,3643,2357,6.0494852208568576e-21,3.913982065758884e-21,0.101
5.072719367359681,3642,2358,6.0478246429757556e-21,3.915642643639987e-21,0.101
5.079152703034614,3641,2359,6.046164065094653e-21,3.9173032215210894e-21,0.101
5.079483330547113,3640,2360,6.04450348721355e-21,3.9189637994021914e-21,0.101
5.079960684884217,3639,2361,6.042842909332447e-21,3.920624377283294e-21,0.101
5.085489711284499,3638,2362,6.0411823314513445e-21,3.922284955164397e-21,0.101
5.086080015361652,3637,2363,6.0395217535702425e-21,3.9239455330455e-21,0.101
5.08636155820384,3636,2364,6.03786117568914e-21,3.9256061109266025e-21,0.101
5.086998278809625,3635,2365,6.036200597808037e-21,3.9272666888077045e-21,0.101
5.091179176240083,3634,2366,6.034540019926934e-21,3.928927266688807e-21,0.101
5.094353400213731,3633,2367,6.0328794420458314e-21,3.93058784456991e-21,0.101
5.096349641013152,3632,2368,6.0312188641647294e-21,3.932248422451013e-21,0.101
5.106382046659313,3631,2369,6.0295582862836266e-21,3.9339090003321156e-21,0.101
5.112181368811023,3630,2370,6.027897708402524e-21,3.9355695782132184e-21,0.101
5.114228263188423,3629,2371,6.026237130521421e-21,3.9372301560943204e-21,0.101
5.11699340575452,3628,2372,6.024576552640318e-21,3.938890733975423e-21,0.101
5.123548672678056,3627,2373,6.022915974759216e-21,3.940551311856526e-21,0.101
5.1257748129739165,3626,2374,6.0212553968781135e-21,3.942211889737629e-21,0.101
5.127735642626018,3625,2375,6.019594818997011e-21,3.9438724676187315e-21,0.101
5.129414691019994,3624,2376,6.017934241115908e-21,3.9455330454998335e-21,0.101
5.129901953124548,3623,2377,6.016273663234805e-21,3.947193623380936e-21,0.101
5.134197675093616,3622,2378,6.014613085353703e-21,3.948854201262039e-21,0.101
5.141041070119794,3621,2379,6.0129525074726004e-21,3.950514779143142e-21,0.101
5.152981073932076,3620,2380,6.0112919295914976e-21,3.9521753570242446e-21,0.101
5.153073023189679,3619,2381,6.009631351710395e-21,3.953835934905347e-21,0.101
5.153358697836564,3618,2382,6.007970773829292e-21,3.9554965127864494e-21,0.101
5.155226572998618,3617,2383,6.00631019594819e-21,3.957157090667552e-21,0.101
5.158197417891907,3616,2384,6.004649618067087e-21,3.958817668548655e-21,0.101
5.163785849431131,3615,2385,6.0029890401859845e-21,3.960478246429758e-21,0.101
5.164259660919363,3614,2386,6.001328462304882e-21,3.96213882431086e-21,0.101
5.170197306764413,3613,2387,5.999667884423779e-21,3.9637994021919625e-21,0.101
5.1731056047205755,3612,2388,5.998007306542677e-21,3.965459980073065e-21,0.101
5.173458935141161,3611,2389,5.996346728661574e-21,3.967120557954168e-21,0.101
5.17718699728741,3610,2390,5.9946861507804714e-21,3.968781135835271e-21,0.101
5.17802280815739,3609,2391,5.993025572899369e-21,3.970441713716373e-21,0.101
5.18090134065612,3608,2392,5.991364995018266e-21,3.9721022915974756e-21,0.101
5.183438566632147,3607,2393,5.989704417137163e-21,3.9737628694785784e-21,0.101
5.187181107751071,3606,2394,5.988043839256061e-21,3.975423447359681e-21,0.101
5.188843090475009,3605,2395,5.986383261374958e-21,3.977084025240784e-21,0.101
5.191849421309833,3604,2396,5.9847226834938555e-21,3.978744603121886e-21,0.101
5.192262448659752,3603,2397,5.983062105612753e-21,3.980405181002989e-21,0.101
5.192856914647632,3602,2398,5.98140152773165e-21,3.9820657588840915e-21,0.101
5.194830268103648,3601,2399,5.979740949850548e-21,3.983726336765194e-21,0.101
5.195756298722507,3600,2400,5.978080371969445e-21,3.985386914646297e-21,0.101
5.196580786442121,3599,2401,5.9764197940883424e-21,3.987047492527399e-21,0.101
5.202912129620729,3598,2402,5.97475921620724e-21,3.988708070408502e-21,0.101
5.203388202551864,3597,2403,5.973098638326137e-21,3.9903686482896046e-21,0.101
5.205928294890027,3596,2404,5.971438060445035e-21,3.9920292261707074e-21,0.101
5.214686068001205,3595,2405,5.969777482563932e-21,3.99368980405181e-21,0.101
5.215897622254661,3594,2406,5.968116904682829e-21,3.995350381932912e-21,0.101
5.222241160558173,3593,2407,5.9664563268017265e-21,3.997010959814015e-21,0.101
5.222920383117803,3592,2408,5.964795748920624e-21,3.998671537695118e-21,0.101
5.231602802791138,3591,2409,5.963135171039522e-21,4.0003321155762205e-21,0.101
5.235049493179757,3590,2410,5.961474593158419e-21,4.001992693457323e-21,0.101
5.237058176795024,3589,2411,5.959814015277316e-21,4.003653271338425e-21,0.101
5.238569062776209,3588,2412,5.9581534373962134e-21,4.005313849219528e-21,0.101
5.238762405959676,3587,2413,5.956492859515111e-21,4.006974427100631e-21,0.101
5.23938597178654,3586,2414,5.954832281634009e-21,4.0086350049817336e-21,0.101
5.2401687784377975,3585,2415,5.953171703752906e-21,4.010295582862836e-21,0.101
5.244691468629392,3584,2416,5.951511125871803e-21,4.0119561607439384e-21,0.101
5.24792991684579,3583,2417,5.9498505479907e-21,4.013616738625041e-21,0.101
5.252019963409273,3582,2418,5.9481899701095975e-21,4.015277316506144e-21,0.101
5.259978605973857,3581,2419,5.9465293922284955e-21,4.016937894387247e-21,0.101
5.265369037361206,3580,2420,5.944868814347393e-21,4.0185984722683495e-21,0.101
5.269844623971517,3579,2421,5.94320823646629e-21,4.0202590501494515e-21,0.101
5.273364642749152,3578,2422,5.941547658585187e-21,4.021919628030554e-21,0.101
5.274367293708914,3577,2423,5.9398870807040844e-21,4.023580205911657e-21,0.101
5.27951778324834,3576,2424,5.9382265028229824e-21,4.02524078379276e-21,0.101
5.283728173158069,3575,2425,5.93656592494188e-21,4.0269013616738626e-21,0.101
5.287884915379804,3574,2426,5.934905347060777e-21,4.0285619395549646e-21,0.101
5.289580393320557,3573,2427,5.933244769179674e-21,4.030222517436067e-21,0.101
5.290371988014883,3572,2428,5.931584191298571e-21,4.03188309531717e-21,0.101
5.293622186361274,3571,2429,5.929923613417469e-21,4.033543673198273e-21,0.101
5.293755530328201,3570,2430,5.9282630355363665e-21,4.035204251079376e-21,0.101
5.297577319060722,3569,2431,5.926602457655264e-21,4.036864828960478e-21,0.101
5.3022782908104436,3568,2432,5.924941879774161e-21,4.0385254068415805e-21,0.101
5.303926288899759,3567,2433,5.923281301893058e-21,4.040185984722683e-21,0.101
5.311094364964647,3566,2434,5.921620724011956e-21,4.041846562603786e-21,0.101
5.31290390065961,3565,2435,5.9199601461308534e-21,4.043507140484889e-21,0.101
5.313039758826502,3564,2436,5.918299568249751e-21,4.045167718365991e-21,0.101
5.313552836251263,3563,2437,5.916638990368648e-21,4.0468282962470936e-21,0.101
5.315469967188585,3562,2438,5.914978412487545e-21,4.048488874128196e-21,0.101
5.318948240069894,3561,2439,5.913317834606443e-21,4.050149452009299e-21,0.101
5.3219287748990345,3560,2440,5.91165725672534e-21,4.051810029890402e-21,0.101
5.324906998703239,3559,2441,5.9099966788442376e-21,4.053470607771504e-21,0.101
5.325720045963504,3558,2442,5.908336100963135e-21,4.055131185652607e-21,0.101
5.327476494975737,3557,2443,5.906675523082032e-21,4.0567917635337095e-21,0.101
5.328128361727259,3556,2444,5.90501494520093e-21,4.058452341414812e-21,0.101
5.333626523848626,3555,2445,5.903354367319827e-21,4.060112919295915e-21,0.101
5.34039695529472,3554,2446,5.9016937894387244e-21,4.061773497177018e-21,0.101
5.34934250237343,3553,2447,5.900033211557622e-21,4.06343407505812e-21,0.101
5.352996934897974,3552,2448,5.898372633676519e-21,4.0650946529392226e-21,0.101
5.354372972652646,3551,2449,5.896712055795417e-21,4.066755230820325e-21,0.101
5.356431412819967,3550,2450,5.895051477914314e-21,4.068415808701428e-21,0.101
5.35817949731606,3549,2451,5.893390900033211e-21,4.070076386582531e-21,0.101
5.35922316179204,3548,2452,5.8917303221521086e-21,4.071736964463633e-21,0.101
5.359665527047883,3547,2453,5.890069744271006e-21,4.073397542344736e-21,0.101
5.360854332274856,3546,2454,5.888409166389904e-21,4.0750581202258385e-21,0.101
5.362790100740534,3545,2455,5.886748588508801e-21,4.076718698106941e-21,0.101
5.364510478323629,3544,2456,5.885088010627698e-21,4.078379275988044e-21,0.101
5.36494047656292,3543,2457,5.8834274327465955e-21,4.080039853869146e-21,0.101
5.373292499188907,3542,2458,5.881766854865493e-21,4.081700431750249e-21,0.101
5.374226673220964,3541,2459,5.880106276984391e-21,4.0833610096313516e-21,0.101
5.374573691185593,3540,2460,5.878445699103288e-21,4.085021587512454e-21,0.101
5.3750847906458725,3539,2461,5.876785121222185e-21,4.086682165393557e-21,0.101
5.3767202301124755,3538,2462,5.875124543341082e-21,4.088342743274659e-21,0.101
5.380755466374646,3537,2463,5.8734639654599796e-21,4.090003321155762e-21,0.101
5.382157785372271,3536,2464,5.8718033875788776e-21,4.091663899036865e-21,0.101
5.386210960531145,3535,2465,5.870142809697775e-21,4.0933244769179674e-21,0.101
5.3889465716909095,3534,2466,5.868482231816672e-21,4.09498505479907e-21,0.101
5.393366198429064,3533,2467,5.866821653935569e-21,4.096645632680172e-21,0.101
5.395825434030131,3532,2468,5.8651610760544665e-21,4.098306210561275e-21,0.101
5.398483793158989,3531,2469,5.863500498173364e-21,4.099966788442378e-21,0.101
5.403639001260585,3530,2470,5.861839920292262e-21,4.1016273663234806e-21,0.101
5.403778648537587,3529,2471,5.860179342411159e-21,4.103287944204583e-21,0.101
5.406114013036517,3528,2472,5.858518764530056e-21,4.104948522085685e-21,0.101
5.406253745120878,3527,2473,5.856858186648953e-21,4.106609099966788e-21,0.101
5.41444526660757,3526,2474,5.8551976087678506e-21,4.108269677847891e-21,0.101
5.416134028408435,3525,2475,5.8535370308867486e-21,4.109930255728994e-21,0.101
5.416921707177309,3524,2476,5.851876453005646e-21,4.1115908336100964e-21,0.101
5.417367295118613,3523,2477,5.850215875124543e-21,4.1132514114911985e-21,0.101
5.427567317498796,3522,2478,5.84855529724344e-21,4.114911989372301e-21,0.101
5.428498418357301,3521,2479,5.8468947193623375e-21,4.116572567253404e-21,0.101
5.429778478327069,3520,2480,5.8452341414812355e-21,4.118233145134507e-21,0.101
5.430370788334107,3519,2481,5.843573563600133e-21,4.1198937230156095e-21,0.101
5.455635771315818,3518,2482,5.84191298571903e-21,4.1215543008967116e-21,0.101
5.456942337480887,3517,2483,5.840252407837927e-21,4.123214878777814e-21,0.101
5.458000687487134,3516,2484,5.838591829956824e-21,4.124875456658917e-21,0.101
5.460422101552332,3515,2485,5.836931252075722e-21,4.12653603454002e-21,0.101
5.460465654377701,3514,2486,5.8352706741946196e-21,4.128196612421123e-21,0.101
5.4609599301710405,3513,2487,5.833610096313517e-21,4.129857190302225e-21,0.101
5.463801116278726,3512,2488,5.831949518432414e-21,4.1315177681833274e-21,0.101
5.465590740484294,3511,2489,5.830288940551311e-21,4.13317834606443e-21,0.101
5.4682207378825165,3510,2490,5.828628362670209e-21,4.134838923945533e-21,0.101
5.4698343157295835,3509,2491,5.8269677847891065e-21,4.136499501826636e-21,0.101
5.476061675785885,3508,2492,5.825307206908004e-21,4.138160079707738e-21,0.101
5.480011677145242,3507,2493,5.823646629026901e-21,4.1398206575888405e-21,0.101
5.48331117279928,3506,2494,5.821986051145798e-21,4.141481235469943e-21,0.101
5.484093528555968,3505,2495,5.820325473264696e-21,4.143141813351046e-21,0.101
5.484279835594663,3504,2496,5.818664895383593e-21,4.144802391232149e-21,0.101
5.48698325115487,3503,2497,5.8170043175024906e-21,4.146462969113251e-21,0.101
5.487481860839357,3502,2498,5.815343739621388e-21,4.148123546994354e-21,0.101
5.490200449336528,3501,2499,5.813683161740285e-21,4.1497841248754564e-21,0.101
5.493957395210087,3500,2500,5.812022583859183e-21,4.151444702756559e-21,0.101
5.498098853887046,3499,2501,5.81036200597808e-21,4.153105280637662e-21,0.101
5.511179863201644,3498,2502,5.8087014280969775e-21,4.154765858518764e-21,0.101
5.51370868235837,3497,2503,5.807040850215875e-21,4.156426436399867e-21,0.101
5.51372005670237,3496,2504,5.805380272334772e-21,4.1580870142809695e-21,0.101
5.513939541300044,3495,2505,5.80371969445367e-21,4.159747592162072e-21,0.101
5.5160301135821905,3494,2506,5.802059116572567e-21,4.161408170043175e-21,0.101
5.516912309613181,3493,2507,5.8003985386914644e-21,4.163068747924277e-21,0.101
5.517184501696063,3492,2508,5.7987379608103616e-21,4.16472932580538e-21,0.101
5.517525624020462,3491,2509,5.797077382929259e-21,4.166389903686483e-21,0.101
5.524652963200559,3490,2510,5.795416805048157e-21,4.1680504815675854e-21,0.101
5.5319896278228144,3489,2511,5.793756227167054e-21,4.169711059448688e-21,0.101
5.53394319321679,3488,2512,5.792095649285951e-21,4.17137163732979e-21,0.101
5.537148092059633,3487,2513,5.7904350714048485e-21,4.173032215210893e-21,0.101
5.538125424460596,3486,2514,5.788774493523746e-21,4.174692793091996e-21,0.101
5.541078532213271,3485,2515,5.787113915642644e-21,4.1763533709730985e-21,0.101
5.543530024747544,3484,2516,5.785453337761541e-21,4.178013948854201e-21,0.101
5.545883094850352,3483,2517,5.783792759880438e-21,4.179674526735304e-21,0.101
5.548109616311075,3482,2518,5.7821321819993354e-21,4.181335104616406e-21,0.101
5.5519523506219075,3481,2519,5.7804716041182326e-21,4.182995682497509e-21,0.101
5.5690308106866055,3480,2520,5.7788110262371306e-21,4.184656260378612e-21,0.101
5.575893304503347,3479,2521,5.777150448356028e-21,4.1863168382597144e-21,0.101
5.5806987011222216,3478,2522,5.775489870474925e-21,4.187977416140817e-21,0.101
5.5836457296427335,3477,2523,5.773829292593822e-21,4.189637994021919e-21,0.101
5.58857427107719,3476,2524,5.7721687147127195e-21,4.191298571903022e-21,0.101
5.596373895464493,3475,2525,5.7705081368316175e-21,4.192959149784125e-21,0.101
5.597168527700828,3474,2526,5.768847558950515e-21,4.1946197276652275e-21,0.101
5.603497067359106,3473,2527,5.767186981069412e-21,4.19628030554633e-21,0.101
5.608090210055227,3472,2528,5.765526403188309e-21,4.197940883427432e-21,0.101
5.608146323269372,3471,2529,5.7638658253072064e-21,4.199601461308535e-21,0.101
5.608274240037423,3470,2530,5.7622052474261044e-21,4.201262039189638e-21,0.101
5.609790070390206,3469,2531,5.7605446695450016e-21,4.2029226170707406e-21,0.101
5.613428169952233,3468,2532,5.758884091663899e-21,4.2045831949518434e-21,0.101
5.61621754233877,3467,2533,5.757223513782796e-21,4.2062437728329454e-21,0.101
5.616659797016592,3466,2534,5.755562935901693e-21,4.207904350714048e-21,0.101
5.620064150932407,3465,2535,5.753902358020591e-21,4.209564928595151e-21,0.101
5.626454394152471,3464,2536,5.7522417801394885e-21,4.211225506476254e-21,0.101
5.626815822204545,3463,2537,5.750581202258386e-21,4.2128860843573565e-21,0.101
5.627260736845541,3462,2538,5.748920624377283e-21,4.2145466622384585e-21,0.101
5.634496293395013,3461,2539,5.74726004649618e-21,4.216207240119561e-21,0.101
5.636684352944359,3460,2540,5.7455994686150774e-21,4.217867818000664e-21,0.101
5.637153531272303,3459,2541,5.7439388907339754e-21,4.219528395881767e-21,0.101
5.639276404422058,3458,2542,5.7422783128528726e-21,4.2211889737628696e-21,0.101
5.640788966475003,3457,2543,5.74061773497177e-21,4.222849551643972e-21,0.101
5.641700870994018,3456,2544,5.738957157090667e-21,4.2245101295250744e-21,0.101
5.642671988462815,3455,2545,5.737296579209564e-21,4.226170707406177e-21,0.101
5.645063487493557,3454,2546,5.735636001328462e-21,4.22783128528728e-21,0.101
5.6459261314961795,3453,2547,5.7339754234473595e-21,4.229491863168383e-21,0.101
5.646367749891616,3452,2548,5.732314845566257e-21,4.231152441049485e-21,0.101
5.646582222760692,3451,2549,5.730654267685154e-21,4.2328130189305875e-21,0.101
5.647689739079423,3450,2550,5.728993689804051e-21,4.23447359681169e-21,0.101
5.6506302879095,3449,2551,5.727333111922949e-21,4.236134174692793e-21,0.101
5.651295955532706,3448,2552,5.7256725340418464e-21,4.237794752573896e-21,0.101
5.652361778451441,3447,2553,5.724011956160744e-21,4.239455330454998e-21,0.101
5.655871854125074,3446,2554,5.722351378279641e-21,4.2411159083361006e-21,0.101
5.656147849548413,3445,2555,5.720690800398538e-21,4.2427764862172034e-21,0.101
5.66146632880436,3444,2556,5.719030222517436e-21,4.244437064098306e-21,0.101
5.672286198648012,3443,2557,5.717369644636333e-21,4.246097641979409e-21,0.101
5.672914633815636,3442,2558,5.7157090667552305e-21,4.247758219860511e-21,0.101
5.675620606096864,3441,2559,5.714048488874128e-21,4.249418797741614e-21,0.101
5.681559563202636,3440,2560,5.712387910993025e-21,4.2510793756227165e-21,0.101
5.686963968570185,3439,2561,5.710727333111923e-21,4.252739953503819e-21,0.101
5.689178409285795,3438,2562,5.70906675523082e-21,4.254400531384922e-21,0.101
5.690828009596344,3437,2563,5.7074061773497174e-21,4.256061109266024e-21,0.101
5.69162265971302,3436,2564,5.705745599468615e-21,4.257721687147127e-21,0.101
5.693122944244828,3435,2565,5.704085021587512e-21,4.2593822650282296e-21,0.101
5.701975947069575,3434,2566,5.70242444370641e-21,4.261042842909332e-21,0.101
5.703819623420998,3433,2567,5.700763865825307e-21,4.262703420790435e-21,0.101
5.705674831699179,3432,2568,5.699103287944204e-21,4.264363998671537e-21,0.101
5.7110512827137985,3431,2569,5.6974427100631015e-21,4.26602457655264e-21,0.101
5.714153635875483,3430,2570,5.695782132181999e-21,4.267685154433743e-21,0.101
5.7153543889460305,3429,2571,5.694121554300897e-21,4.2693457323148455e-21,0.101
5.716245236275894,3428,2572,5.692460976419794e-21,4.271006310195948e-21,0.101
5.72383003008821,3427,2573,5.690800398538691e-21,4.27266688807705e-21,0.101
5.727565268210206,3426,2574,5.6891398206575884e-21,4.274327465958153e-21,0.101
5.732071010464412,3425,2575,5.687479242776486e-21,4.275988043839256e-21,0.101
5.733989085336844,3424,2576,5.685818664895384e-21,4.2776486217203586e-21,0.101
5.740633107485613,3423,2577,5.684158087014281e-21,4.279309199601461e-21,0.101
5.741574448593865,3422,2578,5.682497509133178e-21,4.2809697774825634e-21,0.101
5.744753371840759,3421,2579,5.680836931252075e-21,4.282630355363666e-21,0.101
5.75607209636032,3420,2580,5.6791763533709726e-21,4.284290933244769e-21,0.101
5.757863471593118,3419,2581,5.6775157754898705e-21,4.285951511125872e-21,0.101
5.764328992647432,3418,2582,5.675855197608768e-21,4.2876120890069745e-21,0.101
5.777476000616975,3417,2583,5.674194619727665e-21,4.2892726668880765e-21,0.101
5.779016066775059,3416,2584,5.672534041846562e-21,4.290933244769179e-21,0.101
5.782604329571371,3415,2585,5.6708734639654594e-21,4.292593822650282e-21,0.101
5.795586395426612,3414,2586,5.6692128860843574e-21,4.294254400531385e-21,0.101
5.796137386965952,3413,2587,5.667552308203255e-21,4.2959149784124876e-21,0.101
5.803961170507643,3412,2588,5.665891730322152e-21,4.29757555629359e-21,0.101
5.810098341958014,3411,2589,5.664231152441049e-21,4.299236134174692e-21,0.101
5.81039811981486,3410,2590,5.662570574559946e-21,4.300896712055795e-21,0.101
5.812264681753631,3409,2591,5.660909996678844e-21,4.302557289936898e-21,0.101
5.815944183114323,3408,2592,5.6592494187977415e-21,4.304217867818001e-21,0.101
5.8211371662189055,3407,2593,5.657588840916639e-21,4.3058784456991035e-21,0.101
5.827633611062339,3406,2594,5.655928263035536e-21,4.3075390235802055e-21,0.101
5.830879077293947,3405,2595,5.654267685154433e-21,4.309199601461308e-21,0.101
5.838318542937365,3404,2596,5.652607107273331e-21,4.310860179342411e-21,0.101
5.842507511796814,3403,2597,5.6509465293922284e-21,4.312520757223514e-21,0.101
5.843629605434315,3402,2598,5.649285951511126e-21,4.3141813351046166e-21,0.101
5.84384445276178,3401,2599,5.647625373630023e-21,4.3158419129857186e-21,0.101
5.844168726478677,3400,2600,5.64596479574892e-21,4.317502490866821e-21,0.101
5.844402710746531,3399,2601,5.644304217867818e-21,4.319163068747924e-21,0.101
5.849666468121985,3398,2602,5.642643639986715e-21,4.320823646629027e-21,0.101
5.853596200042484,3397,2603,5.6409830621056126e-21,4.32248422451013e-21,0.101
5.8582210203972505,3396,2604,5.63932248422451e-21,4.324144802391232e-21,0.101
5.859319149467226,3395,2605,5.637661906343407e-21,4.3258053802723345e-21,0.101
5.861203248923165,3394,2606,5.636001328462305e-21,4.327465958153437e-21,0.101
5.863172082805543,3393,2607,5.634340750581202e-21,4.32912653603454e-21,0.101
5.864898371189989,3392,2608,5.6326801727000994e-21,4.330787113915643e-21,0.101
5.866082053993311,3391,2609,5.631019594818997e-21,4.332447691796745e-21,0.101
5.867149809547603,3390,2610,5.629359016937894e-21,4.3341082696778476e-21,0.101
5.873406246846796,3389,2611,5.627698439056792e-21,4.33576884755895e-21,0.101
5.880849355593477,3388,2612,5.626037861175689e-21,4.337429425440053e-21,0.101
5.887370479875072,3387,2613,5.624377283294586e-21,4.339090003321156e-21,0.101
5.892441403377058,3386,2614,5.6227167054134836e-21,4.340750581202258e-21,0.101
5.896516924985797,3385,2615,5.621056127532381e-21,4.342411159083361e-21,0.101
5.8985555503749385,3384,2616,5.619395549651278e-21,4.3440717369644635e-21,0.101
5.9050962320324505,3383,2617,5.617734971770176e-21,4.345732314845566e-21,0.101
5.905836485432671,3382,2618,5.616074393889073e-21,4.347392892726669e-21,0.101
5.905886407362768,3381,2619,5.6144138160079705e-21,4.349053470607771e-21,0.101
5.908475548628236,3380,2620,5.612753238126868e-21,4.350714048488874e-21,0.101
5.910263642527903,3379,2621,5.611092660245765e-21,4.3523746263699766e-21,0.101
5.912581518989519,3378,2622,5.609432082364663e-21,4.354035204251079e-21,0.101
5.917104258624205,3377,2623,5.60777150448356e-21,4.355695782132182e-21,0.101
5.918950950985158,3376,2624,5.606110926602457e-21,4.357356360013284e-21,0.101
5.919929266308159,3375,2625,5.6044503487213546e-21,4.359016937894387e-21,0.101
5.921584846836366,3374,2626,5.602789770840252e-21,4.36067751577549e-21,0.101
5.925527158588684,3373,2627,5.60112919295915e-21,4.3623380936565924e-21,0.101
5.9266146530539165,3372,2628,5.599468615078047e-21,4.363998671537695e-21,0.101
5.932154220679342,3371,2629,5.597808037196944e-21,4.365659249418797e-21,0.101
5.93442848252978,3370,2630,5.5961474593158415e-21,4.3673198272999e-21,0.101
5.950498978636398,3369,2631,5.594486881434739e-21,4.368980405181003e-21,0.101
5.951011636788369,3368,2632,5.592826303553637e-21,4.3706409830621055e-21,0.101
5.956316363700124,3367,2633,5.591165725672534e-21,4.372301560943208e-21,0.101
5.95718894155099,3366,2634,5.589505147791431e-21,4.37396213882431e-21,0.101
5.9600166688031715,3365,2635,5.587844569910328e-21,4.375622716705413e-21,0.101
5.960984014471386,3364,2636,5.5861839920292256e-21,4.377283294586516e-21,0.101
5.961009502121005,3363,2637,5.5845234141481236e-21,4.378943872467619e-21,0.101
5.96252698389224,3362,2638,5.582862836267021e-21,4.3806044503487214e-21,0.101
5.967012642644764,3361,2639,5.581202258385918e-21,4.3822650282298234e-21,0.101
5.96790230029244,3360,2640,5.579541680504815e-21,4.383925606110926e-21,0.101
5.969067235340845,3359,2641,5.5778811026237125e-21,4.385586183992029e-21,0.101
5.96916193059619,3358,2642,5.5762205247426105e-21,4.387246761873132e-21,0.101
5.971851466128578,3357,2643,5.574559946861508e-21,4.3889073397542345e-21,0.101
5.973855173247375,3356,2644,5.572899368980405e-21,4.3905679176353366e-21,0.101
5.97643944001296,3355,2645,5.571238791099302e-21,4.392228495516439e-21,0.101
5.977476332963163,3354,2646,5.5695782132181994e-21,4.393889073397542e-21,0.101
5.979323220377535,3353,2647,5.567917635337097e-21,4.395549651278645e-21,0.101
5.984529893109177,3352,2648,5.5662570574559946e-21,4.397210229159748e-21,0.101
5.9868465001743845,3351,2649,5.564596479574892e-21,4.39887080704085e-21,0.101
5.994259489444454,3350,2650,5.562935901693789e-21,4.4005313849219524e-21,0.101
5.994590192023015,3349,2651,5.561275323812686e-21,4.402191962803055e-21,0.101
5.998833885426237,3348,2652,5.559614745931584e-21,4.403852540684158e-21,0.101
6.000119386014772,3347,2653,5.5579541680504815e-21,4.405513118565261e-21,0.101
6.002306844415183,3346,2654,5.556293590169379e-21,4.407173696446363e-21,0.101
6.002321234206034,3345,2655,5.554633012288276e-21,4.4088342743274655e-21,0.101
6.00583942938116,3344,2656,5.552972434407173e-21,4.410494852208568e-21,0.101
6.006388992301353,3343,2657,5.551311856526071e-21,4.412155430089671e-21,0.101
6.00776360310966,3342,2658,5.549651278644968e-21,4.413816007970774e-21,0.101
6.0133082325495755,3341,2659,5.5479907007638656e-21,4.415476585851876e-21,0.101
6.017503913072802,3340,2660,5.546330122882763e-21,4.417137163732979e-21,0.101
6.0176468257745865,3339,2661,5.54466954500166e-21,4.4187977416140814e-21,0.101
6.020266765843063,3338,2662,5.543008967120558e-21,4.420458319495184e-21,0.101
6.021054691918853,3337,2663,5.541348389239455e-21,4.422118897376287e-21,0.101
6.027850850590533,3336,2664,5.5396878113583525e-21,4.42377947525739e-21,0.101
6.033392753464711,3335,2665,5.53802723347725e-21,4.425440053138492e-21,0.101
6.033766032427702,3334,2666,5.536366655596147e-21,4.4271006310195945e-21,0.101
6.035882959630656,3333,2667,5.534706077715045e-21,4.428761208900697e-21,0.101
6.037297594579271,3332,2668,5.533045499833942e-21,4.4304217867818e-21,0.101
6.038212783433321,3331,2669,5.5313849219528394e-21,4.432082364662903e-21,0.101
6.040228484176116,3330,2670,5.5297243440717366e-21,4.433742942544005e-21,0.101
6.045109445250422,3329,2671,5.528063766190634e-21,4.435403520425108e-21,0.101
6.046005420708086,3328,2672,5.526403188309532e-21,4.4370640983062104e-21,0.101
6.0473142217791285,3327,2673,5.524742610428429e-21,4.438724676187313e-21,0.101
6.0478930147102785,3326,2674,5.523082032547326e-21,4.440385254068416e-21,0.101
6.0534919297094705,3325,2675,5.5214214546662235e-21,4.442045831949518e-21,0.101
6.053501183932595,3324,2676,5.519760876785121e-21,4.443706409830621e-21,0.101
6.068273724269663,3323,2677,5.518100298904019e-21,4.4453669877117235e-21,0.101
6.071237310435422,3322,2678,5.516439721022916e-21,4.447027565592826e-21,0.101
6.072406675724486,3321,2679,5.514779143141813e-21,4.448688143473929e-21,0.101
6.0726213769261905,3320,2680,5.5131185652607104e-21,4.450348721355031e-21,0.101
6.075112390784689,3319,2681,5.5114579873796076e-21,4.452009299236134e-21,0.101
6.078456970295645,3318,2682,5.5097974094985056e-21,4.453669877117237e-21,0.101
6.081344889386899,3317,2683,5.508136831617403e-21,4.4553304549983394e-21,0.101
6.0893275429299045,3316,2684,5.5064762537363e-21,4.456991032879442e-21,0.101
6.091459986505158,3315,2685,5.504815675855197e-21,4.458651610760544e-21,0.101
6.091824988699795,3314,2686,5.5031550979740945e-21,4.460312188641647e-21,0.101
6.095921627014429,3313,2687,5.501494520092992e-21,4.46197276652275e-21,0.101
6.098684619756469,3312,2688,5.49983394221189e-21,4.4636333444038525e-21,0.101
6.099804867461726,3311,2689,5.498173364330787e-21,4.465293922284955e-21,0.101
6.100014938509888,3310,2690,5.496512786449684e-21,4.466954500166057e-21,0.101
6.103790028296577,3309,2691,5.4948522085685814e-21,4.46861507804716e-21,0.101
6.104063755393771,3308,2692,5.493191630687479e-21,4.470275655928263e-21,0.101
6.104269390390264,3307,2693,5.4915310528063766e-21,4.4719362338093656e-21,0.101
6.1066253507188115,3306,2694,5.489870474925274e-21,4.4735968116904684e-21,0.101
6.110186339313605,3305,2695,5.488209897044171e-21,4.4752573895715704e-21,0.101
6.116630031521891,3304,2696,5.486549319163068e-21,4.476917967452673e-21,0.101
6.118530277414978,3303,2697,5.4848887412819655e-21,4.478578545333776e-21,0.101
6.119169665023987,3302,2698,5.4832281634008635e-21,4.480239123214879e-21,0.101
6.123174894170311,3301,2699,5.481567585519761e-21,4.4818997010959815e-21,0.101
6.123530728609944,3300,2700,5.479907007638658e-21,4.4835602789770835e-21,0.101
6.127441545034183,3299,2701,5.478246429757555e-21,4.485220856858186e-21,0.101
6.1458476370808475,3298,2702,5.4765858518764524e-21,4.486881434739289e-21,0.101
6.148350548375635,3297,2703,5.4749252739953504e-21,4.488542012620392e-21,0.101
6.149652234589273,3296,2704,5.473264696114248e-21,4.4902025905014946e-21,0.101
6.150211995924635,3295,2705,5.471604118233145e-21,4.4918631683825966e-21,0.101
6.151751632253455,3294,2706,5.469943540352042e-21,4.4935237462636994e-21,0.101
6.156144828555662,3293,2707,5.468282962470939e-21,4.495184324144802e-21,0.101
6.157081008932097,3292,2708,5.466622384589837e-21,4.496844902025905e-21,0.101
6.157495198754165,3291,2709,5.4649618067087345e-21,4.498505479907008e-21,0.101
6.158904923972638,3290,2710,5.463301228827632e-21,4.50016605778811e-21,0.101
6.160821769962952,3289,2711,5.461640650946529e-21,4.5018266356692125e-21,0.101
6.163091029915446,3288,2712,5.459980073065426e-21,4.503487213550315e-21,0.101
6.164202137250704,3287,2713,5.458319495184324e-21,4.505147791431418e-21,0.101
6.167546986391649,3286,2714,5.4566589173032214e-21,4.506808369312521e-21,0.101
6.177106016537315,3285,2715,5.454998339422119e-21,4.508468947193623e-21,0.101
6.177595584140978,3284,2716,5.453337761541016e-21,4.5101295250747256e-21,0.101
6.179036246149342,3283,2717,5.451677183659913e-21,4.5117901029558284e-21,0.101
6.183081933891848,3282,2718,5.450016605778811e-21,4.513450680836931e-21,0.101
6.192412679524387,3281,2719,5.448356027897708e-21,4.515111258718034e-21,0.101
6.205439032355182,3280,2720,5.4466954500166055e-21,4.516771836599136e-21,0.101
6.206043575282722,3279,2721,5.445034872135503e-21,4.518432414480239e-21,0.101
6.21108534547856,3278,2722,5.4433742942544e-21,4.5200929923613415e-21,0.101
6.212715347145362,3277,2723,5.441713716373298e-21,4.521753570242444e-21,0.101
6.212884064629749,3276,2724,5.440053138492195e-21,4.523414148123547e-21,0.101
6.219677269295079,3275,2725,5.4383925606110924e-21,4.525074726004649e-21,0.101
6.221335740709118,3274,2726,5.43673198272999e-21,4.526735303885752e-21,0.101
6.22403367361048,3273,2727,5.435071404848887e-21,4.5283958817668546e-21,0.101
6.228084318881342,3272,2728,5.433410826967785e-21,4.530056459647957e-21,0.101
6.228402829061162,3271,2729,5.431750249086682e-21,4.53171703752906e-21,0.101
6.229977706589444,3270,2730,5.430089671205579e-21,4.533377615410162e-21,0.101
6.234742261237089,3269,2731,5.4284290933244765e-21,4.535038193291265e-21,0.101
6.241005402367832,3268,2732,5.426768515443374e-21,4.536698771172368e-21,0.101
6.241397564027533,3267,2733,5.425107937562272e-21,4.5383593490534705e-21,0.101
6.2422594857158265,3266,2734,5.423447359681169e-21,4.540019926934573e-21,0.101
6.246271633722657,3265,2735,5.421786781800066e-21,4.541680504815676e-21,0.101
6.2548923818391975,3264,2736,5.4201262039189634e-21,4.543341082696778e-21,0.101
6.255814517478397,3263,2737,5.418465626037861e-21,4.545001660577881e-21,0.101
6.256234718615877,3262,2738,5.416805048156759e-21,4.5466622384589836e-21,0.101
6.259169561269853,3261,2739,5.415144470275656e-21,4.548322816340086e-21,0.101
6.25996628943603,3260,2740,5.413483892394553e-21,4.549983394221189e-21,0.101
6.260031445913923,3259,2741,5.41182331451345e-21,4.551643972102291e-21,0.101
6.2602994673986325,3258,2742,5.4101627366323476e-21,4.553304549983394e-21,0.101
6.262561828603225,3257,2743,5.4085021587512455e-21,4.554965127864497e-21,0.101
6.2633629958895645,3256,2744,5.406841580870143e-21,4.5566257057455995e-21,0.101
6.265948039152482,3255,2745,5.40518100298904e-21,4.558286283626702e-21,0.101
6.266095470545782,3254,2746,5.403520425107937e-21,4.559946861507804e-21,0.101
6.267584566436925,3253,2747,5.4018598472268344e-21,4.561607439388907e-21,0.101
6.268077503401395,3252,2748,5.4001992693457324e-21,4.56326801727001e-21,0.101
6.269216285113602,3251,2749,5.39853869146463e-21,4.5649285951511126e-21,0.101
6.271301576954037,3250,2750,5.396878113583527e-21,4.566589173032215e-21,0.101
6.271588367719417,3249,2751,5.395217535702424e-21,4.568249750913317e-21,0.101
6.2779340948552385,3248,2752,5.393556957821321e-21,4.56991032879442e-21,0.101
6.279252136615157,3247,2753,5.391896379940219e-21,4.571570906675523e-21,0.101
6.28081475208376,3246,2754,5.3902358020591165e-21,4.573231484556626e-21,0.101
6.281077296145138,3245,2755,5.388575224178014e-21,4.5748920624377285e-21,0.101
6.281776841862853,3244,2756,5.386914646296911e-21,4.5765526403188305e-21,0.101
6.282908104704808,3243,2757,5.385254068415808e-21,4.578213218199933e-21,0.101
6.283882152468813,3242,2758,5.3835934905347055e-21,4.579873796081036e-21,0.101
6.283939656339699,3241,2759,5.3819329126536034e-21,4.581534373962139e-21,0.101
6.285310409501776,3240,2760,5.380272334772501e-21,4.5831949518432416e-21,0.101
6.2886486694632895,3239,2761,5.378611756891398e-21,4.5848555297243436e-21,0.101
6.293316567346631,3238,2762,5.376951179010295e-21,4.586516107605446e-21,0.101
6.294623405492788,3237,2763,5.375290601129192e-21,4.588176685486549e-21,0.101
6.3002363408619235,3236,2764,5.37363002324809e-21,4.589837263367652e-21,0.101
6.301105754523329,3235,2765,5.3719694453669876e-21,4.591497841248755e-21,0.101
6.301582172781233,3234,2766,5.370308867485885e-21,4.593158419129857e-21,0.101
6.305488582222767,3233,2767,5.368648289604782e-21,4.5948189970109595e-21,0.101
6.307150089081933,3232,2768,5.366987711723679e-21,4.596479574892062e-21,0.101
6.310474169968224,3231,2769,5.365327133842577e-21,4.598140152773165e-21,0.101
6.313517130141008,3230,2770,5.3636665559614745e-21,4.599800730654268e-21,0.101
6.316053118066319,3229,2771,5.362005978080372e-21,4.60146130853537e-21,0.101
6.324527236364444,3228,2772,5.360345400199269e-21,4.6031218864164726e-21,0.101
6.3339400653025715,3227,2773,5.358684822318166e-21,4.604782464297575e-21,0.101
6.3359485525147345,3226,2774,5.357024244437064e-21,4.606443042178678e-21,0.101
6.337180025668609,3225,2775,5.355363666555961e-21,4.608103620059781e-21,0.101
6.337910626836274,3224,2776,5.3537030886748586e-21,4.609764197940883e-21,0.101
6.340424516856718,3223,2777,5.352042510793756e-21,4.611424775821986e-21,0.101
6.347647212031736,3222,2778,5.350381932912653e-21,4.6130853537030884e-21,0.101
6.355868930375331,3221,2779,5.348721355031551e-21,4.614745931584191e-21,0.101
6.358701750860386,3220,2780,5.347060777150448e-21,4.616406509465294e-21,0.101
6.366299391525605,3219,2781,5.3454001992693455e-21,4.618067087346396e-21,0.101
6.371058571545385,3218,2782,5.343739621388243e-21,4.619727665227499e-21,0.101
6.37424529113738,3217,2783,5.34207904350714e-21,4.6213882431086016e-21,0.101
6.379379185832648,3216,2784,5.340418465626038e-21,4.623048820989704e-21,0.101
6.3913668598905975,3215,2785,5.338757887744935e-21,4.624709398870807e-21,0.101
6.394972160545304,3214,2786,5.337097309863832e-21,4.626369976751909e-21,0.101
6.401090530769191,3213,2787,5.3354367319827296e-21,4.628030554633012e-21,0.101
6.4051319018315915,3212,2788,5.333776154101627e-21,4.629691132514115e-21,0.101
6.40811503377566,3211,2789,5.332115576220525e-21,4.6313517103952174e-21,0.101
6.415905516727814,3210,2790,5.330454998339422e-21,4.63301228827632e-21,0.101
6.417340345455898,3209,2791,5.328794420458319e-21,4.634672866157422e-21,0.101
6.420278634561604,3208,2792,5.3271338425772165e-21,4.636333444038525e-21,0.101
6.423821696732354,3207,2793,5.325473264696114e-21,4.637994021919628e-21,0.101
6.425345962051927,3206,2794,5.323812686815012e-21,4.6396545998007305e-21,0.101
6.425701447754353,3205,2795,5.322152108933909e-21,4.641315177681833e-21,0.101
6.42789279563348,3204,2796,5.320491531052806e-21,4.642975755562935e-21,0.101
6.441332681620126,3203,2797,5.318830953171703e-21,4.644636333444038e-21,0.101
6.447259780554413,3202,2798,5.3171703752906006e-21,4.646296911325141e-21,0.101
6.447597211241295,3201,2799,5.3155097974094986e-21,4.647957489206244e-21,0.101
6.447737930229715,3200,2800,5.313849219528396e-21,4.6496180670873464e-21,0.101
6.449338254436693,3199,2801,5.312188641647293e-21,4.6512786449684484e-21,0.101
6.449599383501006,3198,2802,5.31052806376619e-21,4.652939222849551e-21,0.101
6.451086760860119,3197,2803,5.3088674858850875e-21,4.654599800730654e-21,0.101
6.454873802426245,3196,2804,5.3072069080039855e-21,4.656260378611757e-21,0.101
6.46147956926323,3195,2805,5.305546330122883e-21,4.6579209564928595e-21,0.101
6.4627088568890665,3194,2806,5.30388575224178e-21,4.659581534373962e-21,0.101
6.473787454188816,3193,2807,5.302225174360677e-21,4.661242112255064e-21,0.101
6.477797150031188,3192,2808,5.3005645964795744e-21,4.662902690136167e-21,0.101
6.4786210398185355,3191,2809,5.298904018598472e-21,4.66456326801727e-21,0.101
6.479387052525824,3190,2810,5.2972434407173696e-21,4.666223845898373e-21,0.101
6.480087675777792,3189,2811,5.295582862836267e-21,4.6678844237794754e-21,0.101
6.482748600661619,3188,2812,5.293922284955164e-21,4.6695450016605774e-21,0.101
6.486686183080791,3187,2813,5.292261707074061e-21,4.67120557954168e-21,0.101
6.488114044376622,3186,2814,5.290601129192959e-21,4.672866157422783e-21,0.101
6.491201666778385,3185,2815,5.2889405513118565e-21,4.674526735303886e-21,0.101
6.493640714848508,3184,2816,5.287279973430754e-21,4.6761873131849885e-21,0.101
6.494471852297155,3183,2817,5.285619395549651e-21,4.6778478910660905e-21,0.101
6.495017546562737,3182,2818,5.283958817668548e-21,4.679508468947193e-21,0.101
6.501236913661079,3181,2819,5.282298239787446e-21,4.681169046828296e-21,0.101
6.503629954444619,3180,2820,5.280637661906343e-21,4.682829624709399e-21,0.101
6.503733732696942,3179,2821,5.2789770840252406e-21,4.684490202590502e-21,0.101
6.507502275957746,3178,2822,5.277316506144138e-21,4.686150780471604e-21,0.101
6.507594873717431,3177,2823,5.275655928263035e-21,4.6878113583527064e-21,0.101
6.5140521272312775,3176,2824,5.273995350381933e-21,4.689471936233809e-21,0.101
6.515503790281614,3175,2825,5.27233477250083e-21,4.691132514114912e-21,0.101
6.517769158073589,3174,2826,5.2706741946197275e-21,4.692793091996015e-21,0.101
6.5178165894270785,3173,2827,5.269013616738625e-21,4.694453669877117e-21,0.101
6.517852359960524,3172,2828,5.267353038857522e-21,4.6961142477582195e-21,0.101
6.518812881969334,3171,2829,5.26569246097642e-21,4.697774825639322e-21,0.101
6.521179758582949,3170,2830,5.264031883095317e-21,4.699435403520425e-21,0.101
6.523446280131637,3169,2831,5.2623713052142144e-21,4.701095981401528e-21,0.101
6.536902245373025,3168,2832,5.2607107273331116e-21,4.70275655928263e-21,0.101
6.540095050136618,3167,2833,5.259050149452009e-21,4.704417137163733e-21,0.101
6.545215714829066,3166,2834,5.257389571570906e-21,4.7060777150448354e-21,0.101
6.547636967788965,3165,2835,5.255728993689804e-21,4.707738292925938e-21,0.101
6.5486883489282866,3164,2836,5.254068415808701e-21,4.709398870807041e-21,0.101
6.553808048545516,3163,2837,5.2524078379275985e-21,4.711059448688143e-21,0.101
6.5544581820557735,3162,2838,5.250747260046496e-21,4.712720026569246e-21,0.101
6.570967439879221,3161,2839,5.249086682165393e-21,4.7143806044503485e-21,0.101
6.5712254792689775,3160,2840,5.247426104284291e-21,4.716041182331451e-21,0.101
6.572325753066833,3159,2841,5.245765526403188e-21,4.717701760212554e-21,0.101
6.574619116043166,3158,2842,5.2441049485220854e-21,4.719362338093656e-21,0.101
6.575598279980261,3157,2843,5.242444370640983e-21,4.721022915974759e-21,0.101
6.580702943190194,3156,2844,5.24078379275988e-21,4.7226834938558616e-21,0.101
6.582145340732836,3155,2845,5.239123214878778e-21,4.7243440717369644e-21,0.101
6.584802566326206,3154,2846,5.237462636997675e-21,4.726004649618067e-21,0.101
6.586198904764723,3153,2847,5.235802059116572e-21,4.727665227499169e-21,0.101
6.587898667039788,3152,2848,5.2341414812354695e-21,4.729325805380272e-21,0.101
6.5903683368634915,3151,2849,5.232480903354367e-21,4.730986383261375e-21,0.101
6.591785199531837,3150,2850,5.230820325473265e-21,4.7326469611424775e-21,0.101
6.59652448722324,3149,2851,5.229159747592162e-21,4.73430753902358e-21,0.101
6.598490514065806,3148,2852,5.227499169711059e-21,4.735968116904682e-21,0.101
6.599704272069597,3147,2853,5.2258385918299564e-21,4.737628694785785e-21,0.101
6.599866402496824,3146,2854,5.224178013948854e-21,4.739289272666888e-21,0.101
6.605097241365816,3145,2855,5.2225174360677516e-21,4.7409498505479906e-21,0.101
6.606219075308795,3144,2856,5.220856858186649e-21,4.7426104284290934e-21,0.101
6.6067901159844205,3143,2857,5.219196280305546e-21,4.7442710063101954e-21,0.101
6.607252248110119,3142,2858,5.217535702424443e-21,4.745931584191298e-21,0.101
6.614074581298144,3141,2859,5.2158751245433405e-21,4.747592162072401e-21,0.101
6.617170778627941,3140,2860,5.2142145466622385e-21,4.749252739953504e-21,0.101
6.618637876373388,3139,2861,5.212553968781136e-21,4.7509133178346065e-21,0.101
6.6189349192023235,3138,2862,5.210893390900033e-21,4.7525738957157085e-21,0.101
6.620404278227103,3137,2863,5.20923281301893e-21,4.754234473596811e-21,0.101
6.621010931694348,3136,2864,5.2075722351378274e-21,4.755895051477914e-21,0.101
6.6232180932465985,3135,2865,5.2059116572567254e-21,4.757555629359017e-21,0.101
6.6244953988817405,3134,2866,5.204251079375623e-21,4.7592162072401196e-21,0.101
6.627346534719937,3133,2867,5.20259050149452e-21,4.7608767851212216e-21,0.101
6.628539963791251,3132,2868,5.200929923613417e-21,4.7625373630023244e-21,0.101
6.629379337865245,3131,2869,5.199269345732314e-21,4.764197940883427e-21,0.101
6.636914122071485,3130,2870,5.197608767851212e-21,4.76585851876453e-21,0.101
6.644644444804949,3129,2871,5.1959481899701095e-21,4.767519096645633e-21,0.101
6.649824322511493,3128,2872,5.194287612089007e-21,4.769179674526735e-21,0.101
6.649987140962853,3127,2873,5.192627034207904e-21,4.7708402524078375e-21,0.101
6.651675016897617,3126,2874,5.190966456326801e-21,4.77250083028894e-21,0.101
6.65815346302779,3125,2875,5.189305878445699e-21,4.774161408170043e-21,0.101
6.668138269632738,3124,2876,5.1876453005645964e-21,4.775821986051146e-21,0.101
6.6686390154414505,3123,2877,5.185984722683494e-21,4.777482563932248e-21,0.101
6.669074387961745,3122,2878,5.184324144802391e-21,4.7791431418133506e-21,0.101
6.675345196311517,3121,2879,5.182663566921288e-21,4.7808037196944534e-21,0.101
6.679760243233688,3120,2880,5.181002989040186e-21,4.782464297575556e-21,0.101
6.689867571332692,3119,2881,5.179342411159083e-21,4.784124875456659e-21,0.101
6.691978605845915,3118,2882,5.1776818332779805e-21,4.785785453337762e-21,0.101
6.697143077946267,3117,2883,5.176021255396878e-21,4.787446031218864e-21,0.101
6.697315125464002,3116,2884,5.174360677515775e-21,4.7891066090999665e-21,0.101
6.699439992829346,3115,2885,5.172700099634673e-21,4.790767186981069e-21,0.101
6.707029905986948,3114,2886,5.17103952175357e-21,4.792427764862172e-21,0.101
6.709236701334036,3113,2887,5.1693789438724674e-21,4.794088342743275e-21,0.101
6.710067619639306,3112,2888,5.167718365991365e-21,4.795748920624377e-21,0.101
6.718238609227155,3111,2889,5.166057788110262e-21,4.7974094985054796e-21,0.101
6.720395890164931,3110,2890,5.16439721022916e-21,4.799070076386582e-21,0.101
6.730431826807215,3109,2891,5.162736632348057e-21,4.800730654267685e-21,0.101
6.732685833317298,3108,2892,5.161076054466954e-21,4.802391232148788e-21,0.101
6.736227609847984,3107,2893,5.1594154765858515e-21,4.80405181002989e-21,0.101
6.737392136302344,3106,2894,5.157754898704749e-21,4.805712387910993e-21,0.101
6.738838560753694,3105,2895,5.156094320823647e-21,4.8073729657920955e-21,0.101
6.738983072662659,3104,2896,5.154433742942544e-21,4.809033543673198e-21,0.101
6.739642651037378,3103,2897,5.152773165061441e-21,4.810694121554301e-21,0.101
6.739833428818222,3102,2898,5.1511125871803384e-21,4.812354699435403e-21,0.101
6.741107906097494,3101,2899,5.149452009299236e-21,4.814015277316506e-21,0.101
6.741770030180326,3100,2900,5.147791431418134e-21,4.8156758551976086e-21,0.101
6.7434262887959235,3099,2901,5.146130853537031e-21,4.817336433078711e-21,0.101
6.744588996885367,3098,2902,5.144470275655928e-21,4.818997010959814e-21,0.101
6.74685129410956,3097,2903,5.142809697774825e-21,4.820657588840916e-21,0.101
6.748157331728617,3096,2904,5.1411491198937226e-21,4.822318166722019e-21,0.101
6.750533024763132,3095,2905,5.13948854201262e-21,4.823978744603122e-21,0.101
6.755839769870103,3094,2906,5.137827964131518e-21,4.8256393224842245e-21,0.101
6.756293707303549,3093,2907,5.136167386250415e-21,4.827299900365327e-21,0.101
6.761145962779701,3092,2908,5.134506808369312e-21,4.828960478246429e-21,0.101
6.76300012827028,3091,2909,5.1328462304882095e-21,4.830621056127532e-21,0.101
6.7639181148037775,3090,2910,5.131185652607107e-21,4.832281634008635e-21,0.101
6.770864518303017,3089,2911,5.129525074726005e-21,4.8339422118897376e-21,0.101
6.771519451914666,3088,2912,5.127864496844902e-21,4.83560278977084e-21,0.101
6.7723845040149016,3087,2913,5.126203918963799e-21,4.837263367651942e-21,0.101
6.775825423531333,3086,2914,5.124543341082696e-21,4.838923945533045e-21,0.101
6.781023590099023,3085,2915,5.1228827632015936e-21,4.840584523414148e-21,0.101
6.785351698872823,3084,2916,5.1212221853204916e-21,4.842245101295251e-21,0.101
6.787183061191231,3083,2917,5.119561607439389e-21,4.8439056791763534e-21,0.101
6.792182090828563,3082,2918,5.117901029558286e-21,4.8455662570574555e-21,0.101
6.794790491279096,3081,2919,5.116240451677183e-21,4.847226834938558e-21,0.101
6.804646321177663,3080,2920,5.1145798737960805e-21,4.848887412819661e-21,0.101
6.807209841664807,3079,2921,5.1129192959149784e-21,4.850547990700764e-21,0.101
6.809529834720262,3078,2922,5.111258718033876e-21,4.8522085685818666e-21,0.101
6.813867450491317,3077,2923,5.109598140152773e-21,4.8538691464629686e-21,0.101
6.817217200650028,3076,2924,5.10793756227167e-21,4.855529724344071e-21,0.101
6.817548172999737,3075,2925,5.106276984390567e-21,4.857190302225174e-21,0.101
6.821947139145898,3074,2926,5.104616406509465e-21,4.858850880106277e-21,0.101
6.828439304329502,3073,2927,5.1029558286283626e-21,4.86051145798738e-21,0.101
6.829639086633408,3072,2928,5.10129525074726e-21,4.862172035868482e-21,0.101
6.8305038434869925,3071,2929,5.099634672866157e-21,4.8638326137495845e-21,0.101
6.8339617982078655,3070,2930,5.097974094985054e-21,4.865493191630687e-21,0.101
6.839109525527543,3069,2931,5.096313517103952e-21,4.86715376951179e-21,0.101
6.840057838707823,3068,2932,5.0946529392228495e-21,4.868814347392893e-21,0.101
6.853572505486293,3067,2933,5.092992361341747e-21,4.870474925273995e-21,0.101
6.854041182633512,3066,2934,5.091331783460644e-21,4.8721355031550976e-21,0.101
6.85815994403409,3065,2935,5.089671205579541e-21,4.8737960810362e-21,0.101
6.858926334221611,3064,2936,5.088010627698439e-21,4.875456658917303e-21,0.101
6.859249743212297,3063,2937,5.086350049817336e-21,4.877117236798406e-21,0.101
6.859454443306743,3062,2938,5.0846894719362336e-21,4.878777814679508e-21,0.101
6.860876725052716,3061,2939,5.083028894055131e-21,4.880438392560611e-21,0.101
6.863542622645671,3060,2940,5.081368316174028e-21,4.8820989704417134e-21,0.101
6.868049311580725,3059,2941,5.079707738292926e-21,4.883759548322816e-21,0.101
6.869198847912435,3058,2942,5.078047160411823e-21,4.885420126203919e-21,0.101
6.880360681952334,3057,2943,5.0763865825307205e-21,4.887080704085021e-21,0.101
6.882053125188952,3056,2944,5.074726004649618e-21,4.888741281966124e-21,0.101
6.885561905276149,3055,2945,5.073065426768515e-21,4.8904018598472266e-21,0.101
6.887945335491957,3054,2946,5.071404848887413e-21,4.892062437728329e-21,0.101
6.900155861351123,3053,2947,5.06974427100631e-21,4.893723015609432e-21,0.101
6.9013057172131544,3052,2948,5.068083693125207e-21,4.895383593490534e-21,0.101
6.9060267468245,3051,2949,5.0664231152441046e-21,4.897044171371637e-21,0.101
6.909273608458496,3050,2950,5.064762537363002e-21,4.89870474925274e-21,0.101
6.921991357137955,3049,2951,5.0631019594819e-21,4.9003653271338424e-21,0.101
6.925082463247275,3048,2952,5.061441381600797e-21,4.902025905014945e-21,0.101
6.926373857551403,3047,2953,5.059780803719694e-21,4.903686482896048e-21,0.101
6.933513946418155,3046,2954,5.0581202258385915e-21,4.90534706077715e-21,0.101
6.93672090386796,3045,2955,5.056459647957489e-21,4.907007638658253e-21,0.101
6.940344329637562,3044,2956,5.054799070076387e-21,4.9086682165393555e-21,0.101
6.947080162445853,3043,2957,5.053138492195284e-21,4.910328794420458e-21,0.101
6.947983750843429,3042,2958,5.051477914314181e-21,4.911989372301561e-21,0.101
6.952188790877474,3041,2959,5.049817336433078e-21,4.913649950182663e-21,0.101
6.954586912517418,3040,2960,5.0481567585519756e-21,4.915310528063766e-21,0.101
6.957211820207604,3039,2961,5.0464961806708736e-21,4.916971105944869e-21,0.101
6.964308433572653,3038,2962,5.044835602789771e-21,4.9186316838259714e-21,0.101
6.970316497956962,3037,2963,5.043175024908668e-21,4.920292261707074e-21,0.101
6.97183107622248,3036,2964,5.041514447027565e-21,4.921952839588176e-21,0.101
6.97334716269289,3035,2965,5.0398538691464625e-21,4.923613417469279e-21,0.101
6.9738403340187824,3034,2966,5.0381932912653605e-21,4.925273995350382e-21,0.101
6.974585784683955,3033,2967,5.036532713384258e-21,4.9269345732314845e-21,0.101
6.976185102132439,3032,2968,5.034872135503155e-21,4.928595151112587e-21,0.101
6.978377729064209,3031,2969,5.033211557622052e-21,4.930255728993689e-21,0.101
6.9807655985364505,3030,2970,5.0315509797409494e-21,4.931916306874792e-21,0.101
6.9831478309699175,3029,2971,5.029890401859847e-21,4.933576884755895e-21,0.101
6.9857545055782495,3028,2972,5.0282298239787446e-21,4.935237462636998e-21,0.101
6.987032156788827,3027,2973,5.026569246097642e-21,4.9368980405181004e-21,0.101
6.987224365400068,3026,2974,5.024908668216539e-21,4.9385586183992024e-21,0.101
6.99432445673797,3025,2975,5.023248090335436e-21,4.940219196280305e-21,0.101
6.997280949433946,3024,2976,5.0215875124543335e-21,4.941879774161408e-21,0.101
6.998532404768529,3023,2977,5.0199269345732315e-21,4.943540352042511e-21,0.101
6.999036849792631,3022,2978,5.018266356692129e-21,4.9452009299236135e-21,0.101
6.99949488629828,3021,2979,5.016605778811026e-21,4.9468615078047155e-21,0.101
7.00168729496141,3020,2980,5.014945200929923e-21,4.948522085685818e-21,0.101
7.003652665907153,3019,2981,5.0132846230488204e-21,4.950182663566921e-21,0.101
7.004323169912828,3018,2982,5.0116240451677184e-21,4.951843241448024e-21,0.101
7.015099957086666,3017,2983,5.0099634672866156e-21,4.9535038193291266e-21,0.101
7.015108007589825,3016,2984,5.008302889405513e-21,4.955164397210229e-21,0.101
7.015400068196766,3015,2985,5.00664231152441e-21,4.9568249750913314e-21,0.101
7.0168533566150755,3014,2986,5.004981733643307e-21,4.958485552972434e-21,0.101
7.01863749815497,3013,2987,5.003321155762205e-21,4.960146130853537e-21,0.101
7.019055984103864,3012,2988,5.0016605778811025e-21,4.96180670873464e-21,0.101
7.0239324358937125,3011,2989,5e-21,4.963467286615742e-21,0.101
7.026529989534371,3010,2990,4.998339422118897e-21,4.9651278644968445e-21,0.101
7.036177983537208,3009,2991,4.996678844237794e-21,4.966788442377947e-21,0.101
7.039286883651045,3008,2992,4.995018266356692e-21,4.96844902025905e-21,0.101
7.040590813896203,3007,2993,4.9933576884755894e-21,4.970109598140153e-21,0.101
7.042584542046204,3006,2994,4.9916971105944866e-21,4.971770176021255e-21,0.101
7.044031091728903,3005,2995,4.990036532713384e-21,4.973430753902358e-21,0.101
7.056881518562447,3004,2996,4.988375954832281e-21,4.9750913317834604e-21,0.101
7.064901359916223,3003,2997,4.986715376951179e-21,4.976751909664563e-21,0.101
7.065139755425619,3002,2998,4.985054799070076e-21,4.978412487545666e-21,0.101
7.065244532882892,3001,2999,4.9833942211889735e-21,4.980073065426768e-21,0.101
7.075040555612465,3000,3000,4.981733643307871e-21,4.981733643307871e-21,0.101
7.08385337592052,2999,3001,4.980073065426768e-21,4.9833942211889735e-21,0.101
7.084246843954943,2998,3002,4.978412487545666e-21,4.985054799070076e-21,0.101
7.085425596312464,2997,3003,4.976751909664563e-21,4.986715376951179e-21,0.101
7.085607345675255,2996,3004,4.9750913317834604e-21,4.988375954832281e-21,0.101
7.091875794205283,2995,3005,4.973430753902358e-21,4.990036532713384e-21,0.101
7.100246933732534,2994,3006,4.971770176021255e-21,4.9916971105944866e-21,0.101
7.102891523268949,2993,3007,4.970109598140153e-21,4.9933576884755894e-21,0.101
7.11349640416694,2992,3008,4.96844902025905e-21,4.995018266356692e-21,0.101
7.12727012527246,2991,3009,4.966788442377947e-21,4.996678844237794e-21,0.101
7.127747585380293,2990,3010,4.9651278644968445e-21,4.998339422118897e-21,0.101
7.132365663687846,2989,3011,4.963467286615742e-21,5e-21,0.101
7.132485472232653,2988,3012,4.96180670873464e-21,5.0016605778811025e-21,0.101
7.132751506557613,2987,3013,4.960146130853537e-21,5.003321155762205e-21,0.101
7.1335145010538,2986,3014,4.958485552972434e-21,5.004981733643307e-21,0.101
7.148386977084277,2985,3015,4.9568249750913314e-21,5.00664231152441e-21,0.101
7.15060673539578,2984,3016,4.955164397210229e-21,5.008302889405513e-21,0.101
7.154969523858483,2983,3017,4.9535038193291266e-21,5.0099634672866156e-21,0.101
7.158272997742129,2982,3018,4.951843241448024e-21,5.0116240451677184e-21,0.101
7.16113078682917,2981,3019,4.950182663566921e-21,5.0132846230488204e-21,0.101
7.170257007309077,2980,3020,4.948522085685818e-21,5.014945200929923e-21,0.101
7.170887710208748,2979,3021,4.9468615078047155e-21,5.016605778811026e-21,0.101
7.171326504557076,2978,3022,4.9452009299236135e-21,5.018266356692129e-21,0.101
7.172548279954467,2977,3023,4.943540352042511e-21,5.0199269345732315e-21,0.101
7.1774103100753495,2976,3024,4.941879774161408e-21,5.0215875124543335e-21,0.101
7.184459020959344,2975,3025,4.940219196280305e-21,5.023248090335436e-21,0.101
7.186708583637448,2974,3026,4.9385586183992024e-21,5.024908668216539e-21,0.101
7.187661565230824,2973,3027,4.9368980405181004e-21,5.026569246097642e-21,0.101
7.196587591239062,2972,3028,4.935237462636998e-21,5.0282298239787446e-21,0.101
7.198254318264429,2971,3029,4.933576884755895e-21,5.029890401859847e-21,0.101
7.204723021863437,2970,3030,4.931916306874792e-21,5.0315509797409494e-21,0.101
7.217083256431115,2969,3031,4.930255728993689e-21,5.033211557622052e-21,0.101
7.217960449057657,2968,3032,4.928595151112587e-21,5.034872135503155e-21,0.101
7.2189058712686025,2967,3033,4.9269345732314845e-21,5.036532713384258e-21,0.101
7.22774264106084,2966,3034,4.925273995350382e-21,5.0381932912653605e-21,0.101
7.230178457804503,2965,3035,4.923613417469279e-21,5.0398538691464625e-21,0.101
7.234013801196424,2964,3036,4.921952839588176e-21,5.041514447027565e-21,0.101
7.235818228531428,2963,3037,4.920292261707074e-21,5.043175024908668e-21,0.101
7.24350109480295,2962,3038,4.9186316838259714e-21,5.044835602789771e-21,0.101
7.243683307685214,2961,3039,4.916971105944869e-21,5.0464961806708736e-21,0.101
7.24425146122862,2960,3040,4.915310528063766e-21,5.0481567585519756e-21,0.101
7.244689141264767,2959,3041,4.913649950182663e-21,5.049817336433078e-21,0.101
7.245992038179916,2958,3042,4.911989372301561e-21,5.051477914314181e-21,0.101
7.253291304522747,2957,3043,4.910328794420458e-21,5.053138492195284e-21,0.101
7.25934220431961,2956,3044,4.9086682165393555e-21,5.054799070076387e-21,0.101
7.263380883117007,2955,3045,4.907007638658253e-21,5.056459647957489e-21,0.101
7.267240971259002,2954,3046,4.90534706077715e-21,5.0581202258385915e-21,0.101
7.277991508478621,2953,3047,4.903686482896048e-21,5.059780803719694e-21,0.101
7.282606422972366,2952,3048,4.902025905014945e-21,5.061441381600797e-21,0.101
7.288317957952154,2951,3049,4.9003653271338424e-21,5.0631019594819e-21,0.101
7.292135414201418,2950,3050,4.89870474925274e-21,5.064762537363002e-21,0.101
7.29356978947236,2949,3051,4.897044171371637e-21,5.0664231152441046e-21,0.101
7.297688363828906,2948,3052,4.895383593490534e-21,5.068083693125207e-21,0.101
7.298130853085919,2947,3053,4.893723015609432e-21,5.06974427100631e-21,0.101
7.302295219721281,2946,3054,4.892062437728329e-21,5.071404848887413e-21,0.101
7.304060599654392,2945,3055,4.8904018598472266e-21,5.073065426768515e-21,0.101
7.307808481676969,2944,3056,4.888741281966124e-21,5.074726004649618e-21,0.101
7.312079532906177,2943,3057,4.887080704085021e-21,5.0763865825307205e-21,0.101
7.318788618862444,2942,3058,4.885420126203919e-21,5.078047160411823e-21,0.101
7.319822311397286,2941,3059,4.883759548322816e-21,5.079707738292926e-21,0.101
7.320110224384288,2940,3060,4.8820989704417134e-21,5.081368316174028e-21,0.101
7.320327387842838,2939,3061,4.880438392560611e-21,5.083028894055131e-21,0.101
7.322671575563493,2938,3062,4.878777814679508e-21,5.0846894719362336e-21,0.101
7.328400203550177,2937,3063,4.877117236798406e-21,5.086350049817336e-21,0.101
7.330808321971699,2936,3064,4.875456658917303e-21,5.088010627698439e-21,0.101
7.334032331155575,2935,3065,4.8737960810362e-21,5.089671205579541e-21,0.101
7.338572528429731,2934,3066,4.8721355031550976e-21,5.091331783460644e-21,0.101
7.339058384817288,2933,3067,4.870474925273995e-21,5.092992361341747e-21,0.101
7.344459032478341,2932,3068,4.868814347392893e-21,5.0946529392228495e-21,0.101
7.348414311721425,2931,3069,4.86715376951179e-21,5.096313517103952e-21,0.101
7.348988962333372,2930,3070,4.865493191630687e-21,5.097974094985054e-21,0.101
7.350173585913836,2929,3071,4.8638326137495845e-21,5.099634672866157e-21,0.101
7.353662446466248,2928,3072,4.862172035868482e-21,5.10129525074726e-21,0.101
7.370399078969465,2927,3073,4.86051145798738e-21,5.1029558286283626e-21,0.101
7.370925577952152,2926,3074,4.858850880106277e-21,5.104616406509465e-21,0.101
7.372096883388419,2925,3075,4.857190302225174e-21,5.106276984390567e-21,0.101
7.382768164197217,2924,3076,4.855529724344071e-21,5.10793756227167e-21,0.101
7.382910960660609,2923,3077,4.8538691464629686e-21,5.109598140152773e-21,0.101
7.383378704663213,2922,3078,4.8522085685818666e-21,5.111258718033876e-21,0.101
7.385120461423195,2921,3079,4.850547990700764e-21,5.1129192959149784e-21,0.101
7.386520440896588,2920,3080,4.848887412819661e-21,5.1145798737960805e-21,0.101
7.389325373193312,2919,3081,4.847226834938558e-21,5.116240451677183e-21,0.101
7.390449121894401,2918,3082,4.8455662570574555e-21,5.117901029558286e-21,0.101
7.390842812751024,2917,3083,4.8439056791763534e-21,5.119561607439389e-21,0.101
7.391645270289656,2916,3084,4.842245101295251e-21,5.1212221853204916e-21,0.101
7.393683655663464,2915,3085,4.840584523414148e-21,5.1228827632015936e-21,0.101
7.396567171450063,2914,3086,4.838923945533045e-21,5.124543341082696e-21,0.101
7.396611688034399,2913,3087,4.837263367651942e-21,5.126203918963799e-21,0.101
7.39949880298501,2912,3088,4.83560278977084e-21,5.127864496844902e-21,0.101
7.400514158473769,2911,3089,4.8339422118897376e-21,5.129525074726005e-21,0.101
7.40353856046976,2910,3090,4.832281634008635e-21,5.131185652607107e-21,0.101
7.405208775044228,2909,3091,4.830621056127532e-21,5.1328462304882095e-21,0.101
7.410943838977715,2908,3092,4.828960478246429e-21,5.134506808369312e-21,0.101
7.412009671532283,2907,3093,4.827299900365327e-21,5.136167386250415e-21,0.101
7.412606315455133,2906,3094,4.8256393224842245e-21,5.137827964131518e-21,0.101
7.41942900324192,2905,3095,4.823978744603122e-21,5.13948854201262e-21,0.101
7.422473438216006,2904,3096,4.822318166722019e-21,5.1411491198937226e-21,0.101
7.4241487240103465,2903,3097,4.820657588840916e-21,5.142809697774825e-21,0.101
7.425785773818945,2902,3098,4.818997010959814e-21,5.144470275655928e-21,0.101
7.429256496052247,2901,3099,4.817336433078711e-21,5.146130853537031e-21,0.101
7.429977807115287,2900,3100,4.8156758551976086e-21,5.147791431418134e-21,0.101
7.434074916130727,2899,3101,4.814015277316506e-21,5.149452009299236e-21,0.101
7.440119962103385,2898,3102,4.812354699435403e-21,5.1511125871803384e-21,0.101
7.442942448756779,2897,3103,4.810694121554301e-21,5.152773165061441e-21,0.101
7.4460833500712935,2896,3104,4.809033543673198e-21,5.154433742942544e-21,0.101
7.45265932770172,2895,3105,4.8073729657920955e-21,5.156094320823647e-21,0.101
7.454154846220104,2894,3106,4.805712387910993e-21,5.157754898704749e-21,0.101
7.461066717145764,2893,3107,4.80405181002989e-21,5.1594154765858515e-21,0.101
7.461664585041321,2892,3108,4.802391232148788e-21,5.161076054466954e-21,0.101
7.461905170968796,2891,3109,4.800730654267685e-21,5.162736632348057e-21,0.101
7.462156877804624,2890,3110,4.799070076386582e-21,5.16439721022916e-21,0.101
7.464349328050666,2889,3111,4.7974094985054796e-21,5.166057788110262e-21,0.101
7.468285035532966,2888,3112,4.795748920624377e-21,5.167718365991365e-21,0.101
7.471499559788526,2887,3113,4.794088342743275e-21,5.1693789438724674e-21,0.101
7.472520284826363,2886,3114,4.792427764862172e-21,5.17103952175357e-21,0.101
7.475909375257838,2885,3115,4.790767186981069e-21,5.172700099634673e-21,0.101
7.4820411844300505,2884,3116,4.7891066090999665e-21,5.174360677515775e-21,0.101
7.491453616676304,2883,3117,4.787446031218864e-21,5.176021255396878e-21,0.101
7.498447626957447,2882,3118,4.785785453337762e-21,5.1776818332779805e-21,0.101
7.503234744119265,2881,3119,4.784124875456659e-21,5.179342411159083e-21,0.101
7.507213888249657,2880,3120,4.782464297575556e-21,5.181002989040186e-21,0.101
7.509382334024104,2879,3121,4.7808037196944534e-21,5.182663566921288e-21,0.101
7.510816209883483,2878,3122,4.7791431418133506e-21,5.184324144802391e-21,0.101
7.515010436185937,2877,3123,4.777482563932248e-21,5.185984722683494e-21,0.101
7.516052645254371,2876,3124,4.775821986051146e-21,5.1876453005645964e-21,0.101
7.516576247364821,2875,3125,4.774161408170043e-21,5.189305878445699e-21,0.101
7.517643324471911,2874,3126,4.77250083028894e-21,5.190966456326801e-21,0.101
7.527313470216227,2873,3127,4.7708402524078375e-21,5.192627034207904e-21,0.101
7.529028510936444,2872,3128,4.769179674526735e-21,5.194287612089007e-21,0.101
7.529465552637677,2871,3129,4.767519096645633e-21,5.1959481899701095e-21,0.101
7.535928666571993,2870,3130,4.76585851876453e-21,5.197608767851212e-21,0.101
7.538689106178373,2869,3131,4.764197940883427e-21,5.199269345732314e-21,0.101
7.538824152406092,2868,3132,4.7625373630023244e-21,5.200929923613417e-21,0.101
7.541087384690484,2867,3133,4.7608767851212216e-21,5.20259050149452e-21,0.101
7.542880243072685,2866,3134,4.7592162072401196e-21,5.204251079375623e-21,0.101
7.546601294343594,2865,3135,4.757555629359017e-21,5.2059116572567254e-21,0.101
7.546956010062218,2864,3136,4.755895051477914e-21,5.2075722351378274e-21,0.101
7.555266705527596,2863,3137,4.754234473596811e-21,5.20923281301893e-21,0.101
7.560165132933377,2862,3138,4.7525738957157085e-21,5.210893390900033e-21,0.101
7.562478836824444,2861,3139,4.7509133178346065e-21,5.212553968781136e-21,0.101
7.563340788079014,2860,3140,4.749252739953504e-21,5.2142145466622385e-21,0.101
7.564891175401261,2859,3141,4.747592162072401e-21,5.2158751245433405e-21,0.101
7.565163652645615,2858,3142,4.745931584191298e-21,5.217535702424443e-21,0.101
7.567703421436478,2857,3143,4.7442710063101954e-21,5.219196280305546e-21,0.101
7.570337576129389,2856,3144,4.7426104284290934e-21,5.220856858186649e-21,0.101
7.571973955133648,2855,3145,4.7409498505479906e-21,5.2225174360677516e-21,0.101
7.574754330246308,2854,3146,4.739289272666888e-21,5.224178013948854e-21,0.101
7.57732678307665,2853,3147,4.737628694785785e-21,5.2258385918299564e-21,0.101
7.586945248756027,2852,3148,4.735968116904682e-21,5.227499169711059e-21,0.101
7.588791236988812,2851,3149,4.73430753902358e-21,5.229159747592162e-21,0.101
7.591154027514487,2850,3150,4.7326469611424775e-21,5.230820325473265e-21,0.101
7.595353465688347,2849,3151,4.730986383261375e-21,5.232480903354367e-21,0.101
7.596089921217793,2848,3152,4.729325805380272e-21,5.2341414812354695e-21,0.101
7.605379016776978,2847,3153,4.727665227499169e-21,5.235802059116572e-21,0.101
7.60720706321695,2846,3154,4.726004649618067e-21,5.237462636997675e-21,0.101
7.610787318306433,2845,3155,4.7243440717369644e-21,5.239123214878778e-21,0.101
7.611443459156197,2844,3156,4.7226834938558616e-21,5.24078379275988e-21,0.101
7.613949389587634,2843,3157,4.721022915974759e-21,5.242444370640983e-21,0.101
7.621350378547531,2842,3158,4.719362338093656e-21,5.2441049485220854e-21,0.101
7.621723465309716,2841,3159,4.717701760212554e-21,5.245765526403188e-21,0.101
7.624762426615609,2840,3160,4.716041182331451e-21,5.247426104284291e-21,0.101
7.626963436245971,2839,3161,4.7143806044503485e-21,5.249086682165393e-21,0.101
7.628446071513043,2838,3162,4.712720026569246e-21,5.250747260046496e-21,0.101
7.629373161918565,2837,3163,4.711059448688143e-21,5.2524078379275985e-21,0.101
7.629591898408744,2836,3164,4.709398870807041e-21,5.254068415808701e-21,0.101
7.633752155519569,2835,3165,4.707738292925938e-21,5.255728993689804e-21,0.101
7.642696776029578,2834,3166,4.7060777150448354e-21,5.257389571570906e-21,0.101
7.658788839880405,2833,3167,4.704417137163733e-21,5.259050149452009e-21,0.101
7.661721591278436,2832,3168,4.70275655928263e-21,5.2607107273331116e-21,0.101
7.6619686411871495,2831,3169,4.701095981401528e-21,5.2623713052142144e-21,0.101
7.663948200200352,2830,3170,4.699435403520425e-21,5.264031883095317e-21,0.101
7.66525266090382,2829,3171,4.697774825639322e-21,5.26569246097642e-21,0.101
7.669128794456866,2828,3172,4.6961142477582195e-21,5.267353038857522e-21,0.101
7.670517622510313,2827,3173,4.694453669877117e-21,5.269013616738625e-21,0.101
7.672323634966026,2826,3174,4.692793091996015e-21,5.2706741946197275e-21,0.101
7.674119160158288,2825,3175,4.691132514114912e-21,5.27233477250083e-21,0.101
7.678620091875259,2824,3176,4.689471936233809e-21,5.273995350381933e-21,0.101
7.680119915278324,2823,3177,4.6878113583527064e-21,5.275655928263035e-21,0.101
7.683444995832426,2822,3178,4.686150780471604e-21,5.277316506144138e-21,0.101
7.693040622169519,2821,3179,4.684490202590502e-21,5.2789770840252406e-21,0.101
7.695349355082364,2820,3180,4.682829624709399e-21,5.280637661906343e-21,0.101
7.695476269607553,2819,3181,4.681169046828296e-21,5.282298239787446e-21,0.101
7.697173107770796,2818,3182,4.679508468947193e-21,5.283958817668548e-21,0.101
7.702590967257295,2817,3183,4.6778478910660905e-21,5.285619395549651e-21,0.101
7.704919658852862,2816,3184,4.6761873131849885e-21,5.287279973430754e-21,0.101
7.7163150151006406,2815,3185,4.674526735303886e-21,5.2889405513118565e-21,0.101
7.721905198348098,2814,3186,4.672866157422783e-21,5.290601129192959e-21,0.101
7.723786486337228,2813,3187,4.67120557954168e-21,5.292261707074061e-21,0.101
7.729543250065879,2812,3188,4.6695450016605774e-21,5.293922284955164e-21,0.101
7.730566147606134,2811,3189,4.6678844237794754e-21,5.295582862836267e-21,0.101
7.736566360526969,2810,3190,4.666223845898373e-21,5.2972434407173696e-21,0.101
7.7386365630750715,2809,3191,4.66456326801727e-21,5.298904018598472e-21,0.101
7.743850116082361,2808,3192,4.662902690136167e-21,5.3005645964795744e-21,0.101
7.744400213254694,2807,3193,4.661242112255064e-21,5.302225174360677e-21,0.101
7.749255728407055,2806,3194,4.659581534373962e-21,5.30388575224178e-21,0.101
7.751902008769787,2805,3195,4.6579209564928595e-21,5.305546330122883e-21,0.101
7.752019793437687,2804,3196,4.656260378611757e-21,5.3072069080039855e-21,0.101
7.7553837146185565,2803,3197,4.654599800730654e-21,5.3088674858850875e-21,0.101
7.758554566969632,2802,3198,4.652939222849551e-21,5.31052806376619e-21,0.101
7.7598909808575485,2801,3199,4.6512786449684484e-21,5.312188641647293e-21,0.101
7.7654509272312024,2800,3200,4.6496180670873464e-21,5.313849219528396e-21,0.101
7.76626576909796,2799,3201,4.647957489206244e-21,5.3155097974094986e-21,0.101
7.774701739385279,2798,3202,4.646296911325141e-21,5.3171703752906006e-21,0.101
7.775462319105659,2797,3203,4.644636333444038e-21,5.318830953171703e-21,0.101
7.780532354334669,2796,3204,4.642975755562935e-21,5.320491531052806e-21,0.101
7.791535293466152,2795,3205,4.641315177681833e-21,5.322152108933909e-21,0.101
7.797912683590675,2794,3206,4.6396545998007305e-21,5.323812686815012e-21,0.101
7.799120574138591,2793,3207,4.637994021919628e-21,5.325473264696114e-21,0.101
7.8003612016944475,2792,3208,4.636333444038525e-21,5.3271338425772165e-21,0.101
7.807136613017303,2791,3209,4.634672866157422e-21,5.328794420458319e-21,0.101
7.807258762654586,2790,3210,4.63301228827632e-21,5.330454998339422e-21,0.101
7.818740497483942,2789,3211,4.6313517103952174e-21,5.332115576220525e-21,0.101
7.822699027966754,2788,3212,4.629691132514115e-21,5.333776154101627e-21,0.101
7.826223178022076,2787,3213,4.628030554633012e-21,5.3354367319827296e-21,0.101
7.828915368926513,2786,3214,4.626369976751909e-21,5.337097309863832e-21,0.101
7.829477553114454,2785,3215,4.624709398870807e-21,5.338757887744935e-21,0.101
7.832577658675383,2784,3216,4.623048820989704e-21,5.340418465626038e-21,0.101
7.840733073709408,2783,3217,4.6213882431086016e-21,5.34207904350714e-21,0.101
7.844292809519978,2782,3218,4.619727665227499e-21,5.343739621388243e-21,0.101
7.845686657589581,2781,3219,4.618067087346396e-21,5.3454001992693455e-21,0.101
7.848159467446575,2780,3220,4.616406509465294e-21,5.347060777150448e-21,0.101
7.848721971792502,2779,3221,4.614745931584191e-21,5.348721355031551e-21,0.101
7.851338414689234,2778,3222,4.6130853537030884e-21,5.350381932912653e-21,0.101
7.85400357353644,2777,3223,4.611424775821986e-21,5.352042510793756e-21,0.101
7.855615455086847,2776,3224,4.609764197940883e-21,5.3537030886748586e-21,0.101
7.8558538970084415,2775,3225,4.608103620059781e-21,5.355363666555961e-21,0.101
7.866050488424446,2774,3226,4.606443042178678e-21,5.357024244437064e-21,0.101
7.872860275428469,2773,3227,4.604782464297575e-21,5.358684822318166e-21,0.101
7.873311503251846,2772,3228,4.6031218864164726e-21,5.360345400199269e-21,0.101
7.878573662379774,2771,3229,4.60146130853537e-21,5.362005978080372e-21,0.101
7.884817823539252,2770,3230,4.599800730654268e-21,5.3636665559614745e-21,0.101
7.889170116760635,2769,3231,4.598140152773165e-21,5.365327133842577e-21,0.101
7.8963412881681,2768,3232,4.596479574892062e-21,5.366987711723679e-21,0.101
7.901139012491855,2767,3233,4.5948189970109595e-21,5.368648289604782e-21,0.101
7.90231544080149,2766,3234,4.593158419129857e-21,5.370308867485885e-21,0.101
7.911949618182289,2765,3235,4.591497841248755e-21,5.3719694453669876e-21,0.101
7.9164674651253515,2764,3236,4.589837263367652e-21,5.37363002324809e-21,0.101
7.917428895237336,2763,3237,4.588176685486549e-21,5.375290601129192e-21,0.101
7.917577113270374,2762,3238,4.586516107605446e-21,5.376951179010295e-21,0.101
7.921043149865569,2761,3239,4.5848555297243436e-21,5.378611756891398e-21,0.101
7.933025101346373,2760,3240,4.5831949518432416e-21,5.380272334772501e-21,0.101
7.935914220865359,2759,3241,4.581534373962139e-21,5.3819329126536034e-21,0.101
7.94096051065195,2758,3242,4.579873796081036e-21,5.3835934905347055e-21,0.101
7.950800250804107,2757,3243,4.578213218199933e-21,5.385254068415808e-21,0.101
7.963422899873459,2756,3244,4.5765526403188305e-21,5.386914646296911e-21,0.101
7.963602884217211,2755,3245,4.5748920624377285e-21,5.388575224178014e-21,0.101
7.969653529092578,2754,3246,4.573231484556626e-21,5.3902358020591165e-21,0.101
7.970351029443864,2753,3247,4.571570906675523e-21,5.391896379940219e-21,0.101
7.972141912912917,2752,3248,4.56991032879442e-21,5.393556957821321e-21,0.101
7.972978739300394,2751,3249,4.568249750913317e-21,5.395217535702424e-21,0.101
7.973855730455906,2750,3250,4.566589173032215e-21,5.396878113583527e-21,0.101
7.979122017416866,2749,3251,4.5649285951511126e-21,5.39853869146463e-21,0.101
7.988495868382997,2748,3252,4.56326801727001e-21,5.4001992693457324e-21,0.101
7.997300251563791,2747,3253,4.561607439388907e-21,5.4018598472268344e-21,0.101
8.00107248334661,2746,3254,4.559946861507804e-21,5.403520425107937e-21,0.101
8.005104135321982,2745,3255,4.558286283626702e-21,5.40518100298904e-21,0.101
8.008199566337268,2744,3256,4.5566257057455995e-21,5.406841580870143e-21,0.101
8.009004890351578,2743,3257,4.554965127864497e-21,5.4085021587512455e-21,0.101
8.009169734690648,2742,3258,4.553304549983394e-21,5.4101627366323476e-21,0.101
8.010096997159708,2741,3259,4.551643972102291e-21,5.41182331451345e-21,0.101
8.011403955441473,2740,3260,4.549983394221189e-21,5.413483892394553e-21,0.101
8.011419592935216,2739,3261,4.548322816340086e-21,5.415144470275656e-21,0.101
8.01242787719445,2738,3262,4.5466622384589836e-21,5.416805048156759e-21,0.101
8.013443790538497,2737,3263,4.545001660577881e-21,5.418465626037861e-21,0.101
8.017463951891717,2736,3264,4.543341082696778e-21,5.4201262039189634e-21,0.101
8.021151402897473,2735,3265,4.541680504815676e-21,5.421786781800066e-21,0.101
8.023727845754296,2734,3266,4.540019926934573e-21,5.423447359681169e-21,0.101
8.038800227465876,2733,3267,4.5383593490534705e-21,5.425107937562272e-21,0.101
8.039271982476446,2732,3268,4.536698771172368e-21,5.426768515443374e-21,0.101
8.045366207940607,2731,3269,4.535038193291265e-21,5.4284290933244765e-21,0.101
8.049777044172984,2730,3270,4.533377615410162e-21,5.430089671205579e-21,0.101
8.051049939504688,2729,3271,4.53171703752906e-21,5.431750249086682e-21,0.101
8.051711017801255,2728,3272,4.530056459647957e-21,5.433410826967785e-21,0.101
8.057980321633114,2727,3273,4.5283958817668546e-21,5.435071404848887e-21,0.101
8.060270961378095,2726,3274,4.526735303885752e-21,5.43673198272999e-21,0.101
8.063609743679434,2725,3275,4.525074726004649e-21,5.4383925606110924e-21,0.101
8.065104652950588,2724,3276,4.523414148123547e-21,5.440053138492195e-21,0.101
8.074142462127172,2723,3277,4.521753570242444e-21,5.441713716373298e-21,0.101
8.077852275562659,2722,3278,4.5200929923613415e-21,5.4433742942544e-21,0.101
8.078249686395726,2721,3279,4.518432414480239e-21,5.445034872135503e-21,0.101
8.080370129752282,2720,3280,4.516771836599136e-21,5.4466954500166055e-21,0.101
8.080741157231913,2719,3281,4.515111258718034e-21,5.448356027897708e-21,0.101
8.0807704070739,2718,3282,4.513450680836931e-21,5.450016605778811e-21,0.101
8.085798099103602,2717,3283,4.5117901029558284e-21,5.451677183659913e-21,0.101
8.090493668131884,2716,3284,4.5101295250747256e-21,5.453337761541016e-21,0.101
8.091824226720163,2715,3285,4.508468947193623e-21,5.454998339422119e-21,0.101
8.092227045792939,2714,3286,4.506808369312521e-21,5.4566589173032214e-21,0.101
8.097911196191953,2713,3287,4.505147791431418e-21,5.458319495184324e-21,0.101
8.098333116430114,2712,3288,4.503487213550315e-21,5.459980073065426e-21,0.101
8.098435242172053,2711,3289,4.5018266356692125e-21,5.461640650946529e-21,0.101
8.105255058732688,2710,3290,4.50016605778811e-21,5.463301228827632e-21,0.101
8.111525103044604,2709,3291,4.498505479907008e-21,5.4649618067087345e-21,0.101
8.114565299084036,2708,3292,4.496844902025905e-21,5.466622384589837e-21,0.101
8.115660546462564,2707,3293,4.495184324144802e-21,5.468282962470939e-21,0.101
8.116274995724638,2706,3294,4.4935237462636994e-21,5.469943540352042e-21,0.101
8.117490881288207,2705,3295,4.4918631683825966e-21,5.471604118233145e-21,0.101
8.124508347663154,2704,3296,4.4902025905014946e-21,5.473264696114248e-21,0.101
8.135953620908424,2703,3297,4.488542012620392e-21,5.4749252739953504e-21,0.101
8.136004086137586,2702,3298,4.486881434739289e-21,5.4765858518764524e-21,0.101
8.14661205479032,2701,3299,4.485220856858186e-21,5.478246429757555e-21,0.101
8.154626736038264,2700,3300,4.4835602789770835e-21,5.479907007638658e-21,0.101
8.160685761047256,2699,3301,4.4818997010959815e-21,5.481567585519761e-21,0.101
8.161368765378578,2698,3302,4.480239123214879e-21,5.4832281634008635e-21,0.101
8.165706651238956,2697,3303,4.478578545333776e-21,5.4848887412819655e-21,0.101
8.172801320725885,2696,3304,4.476917967452673e-21,5.486549319163068e-21,0.101
8.177013353592649,2695,3305,4.4752573895715704e-21,5.488209897044171e-21,0.101
8.178688206384376,2694,3306,4.4735968116904684e-21,5.489870474925274e-21,0.101
8.185474498129182,2693,3307,4.4719362338093656e-21,5.4915310528063766e-21,0.101
8.191472639576439,2692,3308,4.470275655928263e-21,5.493191630687479e-21,0.101
8.19269193805395,2691,3309,4.46861507804716e-21,5.4948522085685814e-21,0.101
8.19384640969922,2690,3310,4.466954500166057e-21,5.496512786449684e-21,0.101
8.195795513480315,2689,3311,4.465293922284955e-21,5.498173364330787e-21,0.101
8.207659639407295,2688,3312,4.4636333444038525e-21,5.49983394221189e-21,0.101
8.208499372219752,2687,3313,4.46197276652275e-21,5.501494520092992e-21,0.101
8.20984255233117,2686,3314,4.460312188641647e-21,5.5031550979740945e-21,0.101
8.21418403955912,2685,3315,4.458651610760544e-21,5.504815675855197e-21,0.101
8.215730987831876,2684,3316,4.456991032879442e-21,5.5064762537363e-21,0.101
8.217383216437378,2683,3317,4.4553304549983394e-21,5.508136831617403e-21,0.101
8.221209771565835,2682,3318,4.453669877117237e-21,5.5097974094985056e-21,0.101
8.227535815664197,2681,3319,4.452009299236134e-21,5.5114579873796076e-21,0.101
8.231699170621416,2680,3320,4.450348721355031e-21,5.5131185652607104e-21,0.101
8.23353895772423,2679,3321,4.448688143473929e-21,5.514779143141813e-21,0.101
8.234756676304551,2678,3322,4.447027565592826e-21,5.516439721022916e-21,0.101
8.235212366514059,2677,3323,4.4453669877117235e-21,5.518100298904019e-21,0.101
8.239180115333069,2676,3324,4.443706409830621e-21,5.519760876785121e-21,0.101
8.239221406344146,2675,3325,4.442045831949518e-21,5.5214214546662235e-21,0.101
8.242019196460939,2674,3326,4.440385254068416e-21,5.523082032547326e-21,0.101
8.250805159557391,2673,3327,4.438724676187313e-21,5.524742610428429e-21,0.101
8.255408585552146,2672,3328,4.4370640983062104e-21,5.526403188309532e-21,0.101
8.259165885960988,2671,3329,4.435403520425108e-21,5.528063766190634e-21,0.101
8.260267052829482,2670,3330,4.433742942544005e-21,5.5297243440717366e-21,0.101
8.26041767169532,2669,3331,4.432082364662903e-21,5.5313849219528394e-21,0.101
8.262157818963644,2668,3332,4.4304217867818e-21,5.533045499833942e-21,0.101
8.262522074715948,2667,3333,4.428761208900697e-21,5.534706077715045e-21,0.101
8.274442241686636,2666,3334,4.4271006310195945e-21,5.536366655596147e-21,0.101
8.279750209669581,2665,3335,4.425440053138492e-21,5.53802723347725e-21,0.101
8.280896589600834,2664,3336,4.42377947525739e-21,5.5396878113583525e-21,0.101
8.282716565220968,2663,3337,4.422118897376287e-21,5.541348389239455e-21,0.101
8.284510835265285,2662,3338,4.420458319495184e-21,5.543008967120558e-21,0.101
8.286091503348036,2661,3339,4.4187977416140814e-21,5.54466954500166e-21,0.101
8.287381115437059,2660,3340,4.417137163732979e-21,5.546330122882763e-21,0.101
8.288125857176528,2659,3341,4.415476585851876e-21,5.5479907007638656e-21,0.101
8.292047101851026,2658,3342,4.413816007970774e-21,5.549651278644968e-21,0.101
8.300206563649077,2657,3343,4.412155430089671e-21,5.551311856526071e-21,0.101
8.302151029162967,2656,3344,4.410494852208568e-21,5.552972434407173e-21,0.101
8.30441513621271,2655,3345,4.4088342743274655e-21,5.554633012288276e-21,0.101
8.306457754645717,2654,3346,4.407173696446363e-21,5.556293590169379e-21,0.101
8.310733536299722,2653,3347,4.405513118565261e-21,5.5579541680504815e-21,0.101
8.313855705140343,2652,3348,4.403852540684158e-21,5.559614745931584e-21,0.101
8.319826353611639,2651,3349,4.402191962803055e-21,5.561275323812686e-21,0.101
8.324662326583647,2650,3350,4.4005313849219524e-21,5.562935901693789e-21,0.101
8.325280159378453,2649,3351,4.39887080704085e-21,5.564596479574892e-21,0.101
8.332696390999239,2648,3352,4.397210229159748e-21,5.5662570574559946e-21,0.101
8.336688410848824,2647,3353,4.395549651278645e-21,5.567917635337097e-21,0.101
8.338079709734286,2646,3354,4.393889073397542e-21,5.5695782132181994e-21,0.101
8.34233942128569,2645,3355,4.392228495516439e-21,5.571238791099302e-21,0.101
8.34251419108004,2644,3356,4.3905679176353366e-21,5.572899368980405e-21,0.101
8.343077198455179,2643,3357,4.3889073397542345e-21,5.574559946861508e-21,0.101
8.34384327411679,2642,3358,4.387246761873132e-21,5.5762205247426105e-21,0.101
8.351093575634977,2641,3359,4.385586183992029e-21,5.5778811026237125e-21,0.101
8.357810541729629,2640,3360,4.383925606110926e-21,5.579541680504815e-21,0.101
8.360329056029192,2639,3361,4.3822650282298234e-21,5.581202258385918e-21,0.101
8.361204283207671,2638,3362,4.3806044503487214e-21,5.582862836267021e-21,0.101
8.365809670414333,2637,3363,4.378943872467619e-21,5.5845234141481236e-21,0.101
8.366468363671242,2636,3364,4.377283294586516e-21,5.5861839920292256e-21,0.101
8.367273805547148,2635,3365,4.375622716705413e-21,5.587844569910328e-21,0.101
8.372527920050866,2634,3366,4.37396213882431e-21,5.589505147791431e-21,0.101
8.376043367715901,2633,3367,4.372301560943208e-21,5.591165725672534e-21,0.101
8.380888839804108,2632,3368,4.3706409830621055e-21,5.592826303553637e-21,0.101
8.384307346480155,2631,3369,4.368980405181003e-21,5.594486881434739e-21,0.101
8.385071982337708,2630,3370,4.3673198272999e-21,5.5961474593158415e-21,0.101
8.385708292988777,2629,3371,4.365659249418797e-21,5.597808037196944e-21,0.101
8.393178941085848,2628,3372,4.363998671537695e-21,5.599468615078047e-21,0.101
8.39706724139431,2627,3373,4.3623380936565924e-21,5.60112919295915e-21,0.101
8.400013564526734,2626,3374,4.36067751577549e-21,5.602789770840252e-21,0.101
8.403157525122817,2625,3375,4.359016937894387e-21,5.6044503487213546e-21,0.101
8.408447346415054,2624,3376,4.357356360013284e-21,5.606110926602457e-21,0.101
8.410646527407154,2623,3377,4.355695782132182e-21,5.60777150448356e-21,0.101
8.410667584525685,2622,3378,4.354035204251079e-21,5.609432082364663e-21,0.101
8.41572671107967,2621,3379,4.3523746263699766e-21,5.611092660245765e-21,0.101
8.417316843592022,2620,3380,4.350714048488874e-21,5.612753238126868e-21,0.101
8.417897486543009,2619,3381,4.349053470607771e-21,5.6144138160079705e-21,0.101
8.43134006205689,2618,3382,4.347392892726669e-21,5.616074393889073e-21,0.101
8.438472533648119,2617,3383,4.345732314845566e-21,5.617734971770176e-21,0.101
8.441885671154546,2616,3384,4.3440717369644635e-21,5.619395549651278e-21,0.101
8.443642982573976,2615,3385,4.342411159083361e-21,5.621056127532381e-21,0.101
8.44424694278808,2614,3386,4.340750581202258e-21,5.6227167054134836e-21,0.101
8.445088700905389,2613,3387,4.339090003321156e-21,5.624377283294586e-21,0.101
8.449469134714242,2612,3388,4.337429425440053e-21,5.626037861175689e-21,0.101
8.449557112480113,2611,3389,4.33576884755895e-21,5.627698439056792e-21,0.101
8.461695625487435,2610,3390,4.3341082696778476e-21,5.629359016937894e-21,0.101
8.476300990463079,2609,3391,4.332447691796745e-21,5.631019594818997e-21,0.101
8.479771032643558,2608,3392,4.330787113915643e-21,5.6326801727000994e-21,0.101
8.480058811464307,2607,3393,4.32912653603454e-21,5.634340750581202e-21,0.101
8.481876309924615,2606,3394,4.327465958153437e-21,5.636001328462305e-21,0.101
8.4830165287728,2605,3395,4.3258053802723345e-21,5.637661906343407e-21,0.101
8.483969704390814,2604,3396,4.324144802391232e-21,5.63932248422451e-21,0.101
8.484449345018335,2603,3397,4.32248422451013e-21,5.6409830621056126e-21,0.101
8.48687380735385,2602,3398,4.320823646629027e-21,5.642643639986715e-21,0.101
8.488926397253396,2601,3399,4.319163068747924e-21,5.644304217867818e-21,0.101
8.497972139403924,2600,3400,4.317502490866821e-21,5.64596479574892e-21,0.101
8.503985381239682,2599,3401,4.3158419129857186e-21,5.647625373630023e-21,0.101
8.507867711368329,2598,3402,4.3141813351046166e-21,5.649285951511126e-21,0.101
8.509185676388022,2597,3403,4.312520757223514e-21,5.6509465293922284e-21,0.101
8.513139004316441,2596,3404,4.310860179342411e-21,5.652607107273331e-21,0.101
8.514408752021266,2595,3405,4.309199601461308e-21,5.654267685154433e-21,0.101
8.517871278675287,2594,3406,4.3075390235802055e-21,5.655928263035536e-21,0.101
8.530628427188601,2593,3407,4.3058784456991035e-21,5.657588840916639e-21,0.101
8.530939456424921,2592,3408,4.304217867818001e-21,5.6592494187977415e-21,0.101
8.533168648384752,2591,3409,4.302557289936898e-21,5.660909996678844e-21,0.101
8.534166883633793,2590,3410,4.300896712055795e-21,5.662570574559946e-21,0.101
8.534582960378746,2589,3411,4.299236134174692e-21,5.664231152441049e-21,0.101
8.537401142166992,2588,3412,4.29757555629359e-21,5.665891730322152e-21,0.101
8.537545411119,2587,3413,4.2959149784124876e-21,5.667552308203255e-21,0.101
8.540662051490921,2586,3414,4.294254400531385e-21,5.6692128860843574e-21,0.101
8.547546428101274,2585,3415,4.292593822650282e-21,5.6708734639654594e-21,0.101
8.55090716949865,2584,3416,4.290933244769179e-21,5.672534041846562e-21,0.101
8.552498922182826,2583,3417,4.2892726668880765e-21,5.674194619727665e-21,0.101
8.554854058763457,2582,3418,4.2876120890069745e-21,5.675855197608768e-21,0.101
8.556365832580331,2581,3419,4.285951511125872e-21,5.6775157754898705e-21,0.101
8.560735511314485,2580,3420,4.284290933244769e-21,5.6791763533709726e-21,0.101
8.564665309397,2579,3421,4.282630355363666e-21,5.680836931252075e-21,0.101
8.56508425553743,2578,3422,4.2809697774825634e-21,5.682497509133178e-21,0.101
8.566493566440842,2577,3423,4.279309199601461e-21,5.684158087014281e-21,0.101
8.573840067525733,2576,3424,4.2776486217203586e-21,5.685818664895384e-21,0.101
8.576333539895945,2575,3425,4.275988043839256e-21,5.687479242776486e-21,0.101
8.579373239605047,2574,3426,4.274327465958153e-21,5.6891398206575884e-21,0.101
8.579800101302666,2573,3427,4.27266688807705e-21,5.690800398538691e-21,0.101
8.582122053861928,2572,3428,4.271006310195948e-21,5.692460976419794e-21,0.101
8.584194976161577,2571,3429,4.2693457323148455e-21,5.694121554300897e-21,0.101
8.587037488733637,2570,3430,4.267685154433743e-21,5.695782132181999e-21,0.101
8.596663375197137,2569,3431,4.26602457655264e-21,5.6974427100631015e-21,0.101
8.600388144760123,2568,3432,4.264363998671537e-21,5.699103287944204e-21,0.101
8.600431080306716,2567,3433,4.262703420790435e-21,5.700763865825307e-21,0.101
8.600673555435126,2566,3434,4.261042842909332e-21,5.70242444370641e-21,0.101
8.603391599341977,2565,3435,4.2593822650282296e-21,5.704085021587512e-21,0.101
8.61052203228925,2564,3436,4.257721687147127e-21,5.705745599468615e-21,0.101
8.6195832082502,2563,3437,4.256061109266024e-21,5.7074061773497174e-21,0.101
8.619791468662463,2562,3438,4.254400531384922e-21,5.70906675523082e-21,0.101
8.624199297108428,2561,3439,4.252739953503819e-21,5.710727333111923e-21,0.101
8.625658911217787,2560,3440,4.2510793756227165e-21,5.712387910993025e-21,0.101
8.628727846489816,2559,3441,4.249418797741614e-21,5.714048488874128e-21,0.101
8.633421516553184,2558,3442,4.247758219860511e-21,5.7157090667552305e-21,0.101
8.641394167346478,2557,3443,4.246097641979409e-21,5.717369644636333e-21,0.101
8.642888052747494,2556,3444,4.244437064098306e-21,5.719030222517436e-21,0.101
8.655868856174036,2555,3445,4.2427764862172034e-21,5.720690800398538e-21,0.101
8.658571783317452,2554,3446,4.2411159083361006e-21,5.722351378279641e-21,0.101
8.662129904084514,2553,3447,4.239455330454998e-21,5.724011956160744e-21,0.101
8.663682974865536,2552,3448,4.237794752573896e-21,5.7256725340418464e-21,0.101
8.666430667061391,2551,3449,4.236134174692793e-21,5.727333111922949e-21,0.101
8.682227003517689,2550,3450,4.23447359681169e-21,5.728993689804051e-21,0.101
8.688618362530915,2549,3451,4.2328130189305875e-21,5.730654267685154e-21,0.101
8.689848337632947,2548,3452,4.231152441049485e-21,5.732314845566257e-21,0.101
8.690673767635873,2547,3453,4.229491863168383e-21,5.7339754234473595e-21,0.101
8.693431854522794,2546,3454,4.22783128528728e-21,5.735636001328462e-21,0.101
8.696532020654985,2545,3455,4.226170707406177e-21,5.737296579209564e-21,0.101
8.696644573047577,2544,3456,4.2245101295250744e-21,5.738957157090667e-21,0.101
8.708966294610432,2543,3457,4.222849551643972e-21,5.74061773497177e-21,0.101
8.710372566380704,2542,3458,4.2211889737628696e-21,5.7422783128528726e-21,0.101
8.712754409426307,2541,3459,4.219528395881767e-21,5.7439388907339754e-21,0.101
8.71503944956276,2540,3460,4.217867818000664e-21,5.7455994686150774e-21,0.101
8.715756073242021,2539,3461,4.216207240119561e-21,5.74726004649618e-21,0.101
8.729327753881732,2538,3462,4.2145466622384585e-21,5.748920624377283e-21,0.101
8.73315425190717,2537,3463,4.2128860843573565e-21,5.750581202258386e-21,0.101
8.737997733750412,2536,3464,4.211225506476254e-21,5.7522417801394885e-21,0.101
8.749030266101643,2535,3465,4.209564928595151e-21,5.753902358020591e-21,0.101
8.751043089492747,2534,3466,4.207904350714048e-21,5.755562935901693e-21,0.101
8.751529265806232,2533,3467,4.2062437728329454e-21,5.757223513782796e-21,0.101
8.753819937893507,2532,3468,4.2045831949518434e-21,5.758884091663899e-21,0.101
8.758676455795312,2531,3469,4.2029226170707406e-21,5.7605446695450016e-21,0.101
8.759641756430243,2530,3470,4.201262039189638e-21,5.7622052474261044e-21,0.101
8.76383066154255,2529,3471,4.199601461308535e-21,5.7638658253072064e-21,0.101
8.77015066175219,2528,3472,4.197940883427432e-21,5.765526403188309e-21,0.101
8.779677809525422,2527,3473,4.19628030554633e-21,5.767186981069412e-21,0.101
8.782779381196987,2526,3474,4.1946197276652275e-21,5.768847558950515e-21,0.101
8.783380244451449,2525,3475,4.192959149784125e-21,5.7705081368316175e-21,0.101
8.787075148214658,2524,3476,4.191298571903022e-21,5.7721687147127195e-21,0.101
8.794741741186574,2523,3477,4.189637994021919e-21,5.773829292593822e-21,0.101
8.795970004348215,2522,3478,4.187977416140817e-21,5.775489870474925e-21,0.101
8.797152483333244,2521,3479,4.1863168382597144e-21,5.777150448356028e-21,0.101
8.802774836541545,2520,3480,4.184656260378612e-21,5.7788110262371306e-21,0.101
8.804134688317891,2519,3481,4.182995682497509e-21,5.7804716041182326e-21,0.101
8.810271967358828,2518,3482,4.181335104616406e-21,5.7821321819993354e-21,0.101
8.827038035806408,2517,3483,4.179674526735304e-21,5.783792759880438e-21,0.101
8.837579777820402,2516,3484,4.178013948854201e-21,5.785453337761541e-21,0.101
8.845306231931604,2515,3485,4.1763533709730985e-21,5.787113915642644e-21,0.101
8.847626922790749,2514,3486,4.174692793091996e-21,5.788774493523746e-21,0.101
8.850395760025913,2513,3487,4.173032215210893e-21,5.7904350714048485e-21,0.101
8.854536438410566,2512,3488,4.17137163732979e-21,5.792095649285951e-21,0.101
8.866071852767051,2511,3489,4.169711059448688e-21,5.793756227167054e-21,0.101
8.88092899683682,2510,3490,4.1680504815675854e-21,5.795416805048157e-21,0.101
8.881889242674712,2509,3491,4.166389903686483e-21,5.797077382929259e-21,0.101
8.883051878901117,2508,3492,4.16472932580538e-21,5.7987379608103616e-21,0.101
8.8887270154115,2507,3493,4.163068747924277e-21,5.8003985386914644e-21,0.101
8.889231640539878,2506,3494,4.161408170043175e-21,5.802059116572567e-21,0.101
8.889307884592139,2505,3495,4.159747592162072e-21,5.80371969445367e-21,0.101
8.889460568010849,2504,3496,4.1580870142809695e-21,5.805380272334772e-21,0.101
8.890191962370176,2503,3497,4.156426436399867e-21,5.807040850215875e-21,0.101
8.893262609630185,2502,3498,4.154765858518764e-21,5.8087014280969775e-21,0.101
8.900415504899287,2501,3499,4.153105280637662e-21,5.81036200597808e-21,0.101
8.903095210621085,2500,3500,4.151444702756559e-21,5.812022583859183e-21,0.101
8.909824865016285,2499,3501,4.1497841248754564e-21,5.813683161740285e-21,0.101
8.912791758092544,2498,3502,4.148123546994354e-21,5.815343739621388e-21,0.101
8.914474205733688,2497,3503,4.146462969113251e-21,5.8170043175024906e-21,0.101
8.917572311957455,2496,3504,4.144802391232149e-21,5.818664895383593e-21,0.101
8.917600004716041,2495,3505,4.143141813351046e-21,5.820325473264696e-21,0.101
8.919022103094349,2494,3506,4.141481235469943e-21,5.821986051145798e-21,0.101
8.919055658997545,2493,3507,4.1398206575888405e-21,5.823646629026901e-21,0.101
8.9217628169579,2492,3508,4.138160079707738e-21,5.825307206908004e-21,0.101
8.92531454365409,2491,3509,4.136499501826636e-21,5.8269677847891065e-21,0.101
8.933779972436382,2490,3510,4.134838923945533e-21,5.828628362670209e-21,0.101
8.93684225449291,2489,3511,4.13317834606443e-21,5.830288940551311e-21,0.101
8.938280412124,2488,3512,4.1315177681833274e-21,5.831949518432414e-21,0.101
8.938288077638118,2487,3513,4.129857190302225e-21,5.833610096313517e-21,0.101
8.944981361324903,2486,3514,4.128196612421123e-21,5.8352706741946196e-21,0.101
8.946127883106904,2485,3515,4.12653603454002e-21,5.836931252075722e-21,0.101
8.947800299071394,2484,3516,4.124875456658917e-21,5.838591829956824e-21,0.101
8.952314577875438,2483,3517,4.123214878777814e-21,5.840252407837927e-21,0.101
8.959232848513322,2482,3518,4.1215543008967116e-21,5.84191298571903e-21,0.101
8.961151460294966,2481,3519,4.1198937230156095e-21,5.843573563600133e-21,0.101
8.963284577480499,2480,3520,4.118233145134507e-21,5.8452341414812355e-21,0.101
8.963641013598512,2479,3521,4.116572567253404e-21,5.8468947193623375e-21,0.101
8.96719789093182,2478,3522,4.114911989372301e-21,5.84855529724344e-21,0.101
8.97380917032457,2477,3523,4.1132514114911985e-21,5.850215875124543e-21,0.101
8.97857522259853,2476,3524,4.1115908336100964e-21,5.851876453005646e-21,0.101
8.98029107646373,2475,3525,4.109930255728994e-21,5.8535370308867486e-21,0.101
8.986512692428386,2474,3526,4.108269677847891e-21,5.8551976087678506e-21,0.101
8.995485712817118,2473,3527,4.106609099966788e-21,5.856858186648953e-21,0.101
8.998286899456053,2472,3528,4.104948522085685e-21,5.858518764530056e-21,0.101
8.998380423979544,2471,3529,4.103287944204583e-21,5.860179342411159e-21,0.101
9.001603722732419,2470,3530,4.1016273663234806e-21,5.861839920292262e-21,0.101
9.002596153946094,2469,3531,4.099966788442378e-21,5.863500498173364e-21,0.101
9.005650019434357,2468,3532,4.098306210561275e-21,5.8651610760544665e-21,0.101
9.01125625617075,2467,3533,4.096645632680172e-21,5.866821653935569e-21,0.101
9.014178003882138,2466,3534,4.09498505479907e-21,5.868482231816672e-21,0.101
9.01927584963925,2465,3535,4.0933244769179674e-21,5.870142809697775e-21,0.101
9.020577969082856,2464,3536,4.091663899036865e-21,5.8718033875788776e-21,0.101
9.023865951293716,2463,3537,4.090003321155762e-21,5.8734639654599796e-21,0.101
9.030000925291196,2462,3538,4.088342743274659e-21,5.875124543341082e-21,0.101
9.0326998216396,2461,3539,4.086682165393557e-21,5.876785121222185e-21,0.101
9.04064635617903,2460,3540,4.085021587512454e-21,5.878445699103288e-21,0.101
9.050597768673127,2459,3541,4.0833610096313516e-21,5.880106276984391e-21,0.101
9.05262368373802,2458,3542,4.081700431750249e-21,5.881766854865493e-21,0.101
9.05498894180445,2457,3543,4.080039853869146e-21,5.8834274327465955e-21,0.101
9.059862493906019,2456,3544,4.078379275988044e-21,5.885088010627698e-21,0.101
9.060495861435413,2455,3545,4.076718698106941e-21,5.886748588508801e-21,0.101
9.0618809732646,2454,3546,4.0750581202258385e-21,5.888409166389904e-21,0.101
9.073680231734702,2453,3547,4.073397542344736e-21,5.890069744271006e-21,0.101
9.075750394370427,2452,3548,4.071736964463633e-21,5.8917303221521086e-21,0.101
9.076784381671233,2451,3549,4.070076386582531e-21,5.893390900033211e-21,0.101
9.078715230078108,2450,3550,4.068415808701428e-21,5.895051477914314e-21,0.101
9.08080762869365,2449,3551,4.066755230820325e-21,5.896712055795417e-21,0.101
9.084666181404186,2448,3552,4.0650946529392226e-21,5.898372633676519e-21,0.101
9.086207780519361,2447,3553,4.06343407505812e-21,5.900033211557622e-21,0.101
9.088353075063534,2446,3554,4.061773497177018e-21,5.9016937894387244e-21,0.101
9.089244973032203,2445,3555,4.060112919295915e-21,5.903354367319827e-21,0.101
9.094280083698429,2444,3556,4.058452341414812e-21,5.90501494520093e-21,0.101
9.097558049873768,2443,3557,4.0567917635337095e-21,5.906675523082032e-21,0.101
9.103109215351688,2442,3558,4.055131185652607e-21,5.908336100963135e-21,0.101
9.105476581452338,2441,3559,4.053470607771504e-21,5.9099966788442376e-21,0.101
9.10633167213117,2440,3560,4.051810029890402e-21,5.91165725672534e-21,0.101
9.111925875078946,2439,3561,4.050149452009299e-21,5.913317834606443e-21,0.101
9.112284697404265,2438,3562,4.048488874128196e-21,5.914978412487545e-21,0.101
9.114885972695753,2437,3563,4.0468282962470936e-21,5.916638990368648e-21,0.101
9.117230187502635,2436,3564,4.045167718365991e-21,5.918299568249751e-21,0.101
9.121583473013853,2435,3565,4.043507140484889e-21,5.9199601461308534e-21,0.101
9.12245534363668,2434,3566,4.041846562603786e-21,5.921620724011956e-21,0.101
9.130907801569101,2433,3567,4.040185984722683e-21,5.923281301893058e-21,0.101
9.134594261373248,2432,3568,4.0385254068415805e-21,5.924941879774161e-21,0.101
9.138320456324061,2431,3569,4.036864828960478e-21,5.926602457655264e-21,0.101
9.13926850135767,2430,3570,4.035204251079376e-21,5.9282630355363665e-21,0.101
9.139913573943188,2429,3571,4.033543673198273e-21,5.929923613417469e-21,0.101
9.140325444634671,2428,3572,4.03188309531717e-21,5.931584191298571e-21,0.101
9.14483184179424,2427,3573,4.030222517436067e-21,5.933244769179674e-21,0.101
9.145657047181427,2426,3574,4.0285619395549646e-21,5.934905347060777e-21,0.101
9.147626438384302,2425,3575,4.0269013616738626e-21,5.93656592494188e-21,0.101
9.154483414641822,2424,3576,4.02524078379276e-21,5.9382265028229824e-21,0.101
9.15966639314729,2423,3577,4.023580205911657e-21,5.9398870807040844e-21,0.101
9.168214238838916,2422,3578,4.021919628030554e-21,5.941547658585187e-21,0.101
9.173292364133264,2421,3579,4.0202590501494515e-21,5.94320823646629e-21,0.101
9.190318853137388,2420,3580,4.0185984722683495e-21,5.944868814347393e-21,0.101
9.19207259439442,2419,3581,4.016937894387247e-21,5.9465293922284955e-21,0.101
9.192582614787026,2418,3582,4.015277316506144e-21,5.9481899701095975e-21,0.101
9.201157528737959,2417,3583,4.013616738625041e-21,5.9498505479907e-21,0.101
9.202311358624765,2416,3584,4.0119561607439384e-21,5.951511125871803e-21,0.101
9.203296358407963,2415,3585,4.010295582862836e-21,5.953171703752906e-21,0.101
9.20350844454903,2414,3586,4.0086350049817336e-21,5.954832281634009e-21,0.101
9.20640811357593,2413,3587,4.006974427100631e-21,5.956492859515111e-21,0.101
9.216622931746972,2412,3588,4.005313849219528e-21,5.9581534373962134e-21,0.101
9.216986770376812,2411,3589,4.003653271338425e-21,5.959814015277316e-21,0.101
9.218993508089923,2410,3590,4.001992693457323e-21,5.961474593158419e-21,0.101
9.22323376667317,2409,3591,4.0003321155762205e-21,5.963135171039522e-21,0.101
9.224746894689872,2408,3592,3.998671537695118e-21,5.964795748920624e-21,0.101
9.23318059448231,2407,3593,3.997010959814015e-21,5.9664563268017265e-21,0.101
9.234955650981481,2406,3594,3.995350381932912e-21,5.968116904682829e-21,0.101
9.236180263641998,2405,3595,3.99368980405181e-21,5.969777482563932e-21,0.101
9.24044678862076,2404,3596,3.9920292261707074e-21,5.971438060445035e-21,0.101
9.244530032230047,2403,3597,3.9903686482896046e-21,5.973098638326137e-21,0.101
9.252579252398851,2402,3598,3.988708070408502e-21,5.97475921620724e-21,0.101
9.256043902788905,2401,3599,3.987047492527399e-21,5.9764197940883424e-21,0.101
9.256415099083398,2400,3600,3.985386914646297e-21,5.978080371969445e-21,0.101
9.258188233719425,2399,3601,3.983726336765194e-21,5.979740949850548e-21,0.101
9.261911882875415,2398,3602,3.9820657588840915e-21,5.98140152773165e-21,0.101
9.264100944420592,2397,3603,3.980405181002989e-21,5.983062105612753e-21,0.101
9.265203366992576,2396,3604,3.978744603121886e-21,5.9847226834938555e-21,0.101
9.265588639462567,2395,3605,3.977084025240784e-21,5.986383261374958e-21,0.101
9.27003537917947,2394,3606,3.975423447359681e-21,5.988043839256061e-21,0.101
9.271665983198726,2393,3607,3.9737628694785784e-21,5.989704417137163e-21,0.101
9.273762384569972,2392,3608,3.9721022915974756e-21,5.991364995018266e-21,0.101
9.277631761632751,2391,3609,3.970441713716373e-21,5.993025572899369e-21,0.101
9.280481075786014,2390,3610,3.968781135835271e-21,5.9946861507804714e-21,0.101
9.281763690448402,2389,3611,3.967120557954168e-21,5.996346728661574e-21,0.101
9.284297137516575,2388,3612,3.965459980073065e-21,5.998007306542677e-21,0.101
9.291802643722173,2387,3613,3.9637994021919625e-21,5.999667884423779e-21,0.101
9.291906994225135,2386,3614,3.96213882431086e-21,6.001328462304882e-21,0.101
9.293932636524833,2385,3615,3.960478246429758e-21,6.0029890401859845e-21,0.101
9.295077520935179,2384,3616,3.958817668548655e-21,6.004649618067087e-21,0.101
9.29599199367921,2383,3617,3.957157090667552e-21,6.00631019594819e-21,0.101
9.314467873386146,2382,3618,3.9554965127864494e-21,6.007970773829292e-21,0.101
9.320169193880503,2381,3619,3.953835934905347e-21,6.009631351710395e-21,0.101
9.320862761681878,2380,3620,3.9521753570242446e-21,6.0112919295914976e-21,0.101
9.322510494738301,2379,3621,3.950514779143142e-21,6.0129525074726004e-21,0.101
9.324574265360077,2378,3622,3.948854201262039e-21,6.014613085353703e-21,0.101
9.324688034089748,2377,3623,3.947193623380936e-21,6.016273663234805e-21,0.101
9.33195841040491,2376,3624,3.9455330454998335e-21,6.017934241115908e-21,0.101
9.334970685245686,2375,3625,3.9438724676187315e-21,6.019594818997011e-21,0.101
9.343896429958367,2374,3626,3.942211889737629e-21,6.0212553968781135e-21,0.101
9.34727572579282,2373,3627,3.940551311856526e-21,6.022915974759216e-21,0.101
9.348585498569886,2372,3628,3.938890733975423e-21,6.024576552640318e-21,0.101
9.350217619785422,2371,3629,3.9372301560943204e-21,6.026237130521421e-21,0.101
9.362713991535406,2370,3630,3.9355695782132184e-21,6.027897708402524e-21,0.101
9.363248127120952,2369,3631,3.9339090003321156e-21,6.0295582862836266e-21,0.101
9.366338725572087,2368,3632,3.932248422451013e-21,6.0312188641647294e-21,0.101
9.373788288883594,2367,3633,3.93058784456991e-21,6.0328794420458314e-21,0.101
9.37832386431928,2366,3634,3.928927266688807e-21,6.034540019926934e-21,0.101
9.378658783472696,2365,3635,3.9272666888077045e-21,6.036200597808037e-21,0.101
9.379826210256699,2364,3636,3.9256061109266025e-21,6.03786117568914e-21,0.101
9.37998236920003,2363,3637,3.9239455330455e-21,6.0395217535702425e-21,0.101
9.380211266126429,2362,3638,3.922284955164397e-21,6.0411823314513445e-21,0.101
9.382093317512654,2361,3639,3.920624377283294e-21,6.042842909332447e-21,0.101
9.385634500493092,2360,3640,3.9189637994021914e-21,6.04450348721355e-21,0.101
9.388914360654532,2359,3641,3.9173032215210894e-21,6.046164065094653e-21,0.101
9.393740308085153,2358,3642,3.915642643639987e-21,6.0478246429757556e-21,0.101
9.39901955462852,2357,3643,3.913982065758884e-21,6.0494852208568576e-21,0.101
9.401111697600081,2356,3644,3.912321487877781e-21,6.0511457987379604e-21,0.101
9.409166529040785,2355,3645,3.910660909996678e-21,6.052806376619063e-21,0.101
9.412413723584505,2354,3646,3.909000332115576e-21,6.054466954500166e-21,0.101
9.423956550729512,2353,3647,3.9073397542344735e-21,6.056127532381269e-21,0.101
9.425121021963143,2352,3648,3.905679176353371e-21,6.057788110262371e-21,0.101
9.429634499143056,2351,3649,3.904018598472268e-21,6.0594486881434735e-21,0.101
9.431803721825482,2350,3650,3.902358020591165e-21,6.061109266024576e-21,0.101
9.435025470690775,2349,3651,3.900697442710063e-21,6.062769843905679e-21,0.101
9.435727169567745,2348,3652,3.8990368648289604e-21,6.064430421786782e-21,0.101
9.436386533281363,2347,3653,3.897376286947858e-21,6.066090999667884e-21,0.101
9.439271476074437,2346,3654,3.895715709066755e-21,6.0677515775489866e-21,0.101
9.444023189623964,2345,3655,3.894055131185652e-21,6.069412155430089e-21,0.101
9.44671081074172,2344,3656,3.89239455330455e-21,6.071072733311192e-21,0.101
9.450854857346444,2343,3657,3.890733975423447e-21,6.072733311192295e-21,0.101
9.460087583428546,2342,3658,3.8890733975423445e-21,6.074393889073397e-21,0.101
9.464047514665584,2341,3659,3.887412819661242e-21,6.0760544669545e-21,0.101
9.474182263405392,2340,3660,3.885752241780139e-21,6.0777150448356025e-21,0.101
9.492575719116324,2339,3661,3.884091663899037e-21,6.079375622716705e-21,0.101
9.496603362636261,2338,3662,3.882431086017934e-21,6.081036200597808e-21,0.101
9.49724104773638,2337,3663,3.8807705081368314e-21,6.08269677847891e-21,0.101
9.497249934456109,2336,3664,3.879109930255729e-21,6.084357356360013e-21,0.101
9.49819970891643,2335,3665,3.877449352374626e-21,6.0860179342411156e-21,0.101
9.498879892998254,2334,3666,3.875788774493524e-21,6.087678512122218e-21,0.101
9.501241207466089,2333,3667,3.874128196612421e-21,6.089339090003321e-21,0.101
9.501712121798738,2332,3668,3.872467618731318e-21,6.090999667884423e-21,0.101
9.504086485564367,2331,3669,3.8708070408502156e-21,6.092660245765526e-21,0.101
9.505795882596118,2330,3670,3.869146462969113e-21,6.094320823646629e-21,0.101
9.516153466745097,2329,3671,3.867485885088011e-21,6.0959814015277315e-21,0.101
9.522393366527304,2328,3672,3.865825307206908e-21,6.097641979408834e-21,0.101
9.524855839113389,2327,3673,3.864164729325805e-21,6.099302557289936e-21,0.101
9.526814346874115,2326,3674,3.8625041514447024e-21,6.100963135171039e-21,0.101
9.526974871251173,2325,3675,3.8608435735636e-21,6.102623713052142e-21,0.101
9.528379566534918,2324,3676,3.859182995682498e-21,6.1042842909332446e-21,0.101
9.532688493637208,2323,3677,3.857522417801395e-21,6.105944868814347e-21,0.101
9.534990530132056,2322,3678,3.855861839920292e-21,6.107605446695449e-21,0.101
9.535180934654441,2321,3679,3.854201262039189e-21,6.109266024576552e-21,0.101
9.543757780368104,2320,3680,3.8525406841580866e-21,6.110926602457655e-21,0.101
9.550468346244665,2319,3681,3.8508801062769845e-21,6.112587180338758e-21,0.101
9.550716658649844,2318,3682,3.849219528395882e-21,6.1142477582198605e-21,0.101
9.553492045357038,2317,3683,3.847558950514779e-21,6.115908336100963e-21,0.101
9.557934984047701,2316,3684,3.845898372633676e-21,6.117568913982065e-21,0.101
9.56050409546249,2315,3685,3.8442377947525735e-21,6.119229491863168e-21,0.101
9.570374264441375,2314,3686,3.8425772168714714e-21,6.120890069744271e-21,0.101
9.573271380519314,2313,3687,3.840916638990369e-21,6.1225506476253736e-21,0.101
9.578214562699255,2312,3688,3.839256061109266e-21,6.124211225506476e-21,0.101
9.57838617187919,2311,3689,3.837595483228163e-21,6.125871803387578e-21,0.101
9.581608087511155,2310,3690,3.83593490534706e-21,6.127532381268681e-21,0.101
9.587313942179385,2309,3691,3.834274327465958e-21,6.129192959149784e-21,0.101
9.59109377533579,2308,3692,3.8326137495848556e-21,6.130853537030887e-21,0.101
9.59531900051564,2307,3693,3.830953171703753e-21,6.1325141149119894e-21,0.101
9.597544129595262,2306,3694,3.82929259382265e-21,6.1341746927930915e-21,0.101
9.598229412672632,2305,3695,3.827632015941547e-21,6.135835270674194e-21,0.101
9.599047846550143,2304,3696,3.825971438060445e-21,6.137495848555297e-21,0.101
9.60716166292274,2303,3697,3.8243108601793424e-21,6.1391564264364e-21,0.101
9.608975389319575,2302,3698,3.82265028229824e-21,6.1408170043175026e-21,0.101
9.61636904264312,2301,3699,3.820989704417137e-21,6.1424775821986046e-21,0.101
9.61685357742305,2300,3700,3.819329126536034e-21,6.144138160079707e-21,0.101
9.62246512573501,2299,3701,3.817668548654932e-21,6.14579873796081e-21,0.101
9.625336222254338,2298,3702,3.816007970773829e-21,6.147459315841913e-21,0.101
9.627000171351197,2297,3703,3.8143473928927266e-21,6.149119893723016e-21,0.101
9.630145245017156,2296,3704,3.812686815011624e-21,6.150780471604118e-21,0.101
9.633718721941246,2295,3705,3.811026237130521e-21,6.1524410494852205e-21,0.101
9.635782476851732,2294,3706,3.809365659249418e-21,6.154101627366323e-21,0.101
9.637883896469443,2293,3707,3.807705081368316e-21,6.155762205247426e-21,0.101
9.63994249076658,2292,3708,3.8060445034872135e-21,6.157422783128529e-21,0.101
9.64268930584277,2291,3709,3.804383925606111e-21,6.159083361009631e-21,0.101
9.647962033019693,2290,3710,3.802723347725008e-21,6.1607439388907336e-21,0.101
9.648941801824751,2289,3711,3.801062769843905e-21,6.162404516771836e-21,0.101
9.650176234753157,2288,3712,3.799402191962803e-21,6.164065094652939e-21,0.101
9.661532220860302,2287,3713,3.7977416140817e-21,6.165725672534042e-21,0.101
9.663955564996217,2286,3714,3.7960810362005976e-21,6.167386250415144e-21,0.101
9.680146065878592,2285,3715,3.794420458319495e-21,6.169046828296247e-21,0.101
9.680572453896886,2284,3716,3.792759880438392e-21,6.1707074061773494e-21,0.101
9.684839804950311,2283,3717,3.79109930255729e-21,6.172367984058452e-21,0.101
9.692410668991686,2282,3718,3.789438724676187e-21,6.174028561939555e-21,0.101
9.71248525322567,2281,3719,3.7877781467950845e-21,6.175689139820657e-21,0.101
9.720640231595231,2280,3720,3.786117568913982e-21,6.17734971770176e-21,0.101
9.721483360957462,2279,3721,3.784456991032879e-21,6.1790102955828625e-21,0.101
9.7252841240241,2278,3722,3.782796413151777e-21,6.180670873463965e-21,0.101
9.725923242473934,2277,3723,3.781135835270674e-21,6.182331451345068e-21,0.101
9.728092071778095,2276,3724,3.779475257389571e-21,6.18399202922617e-21,0.101
9.73407331641868,2275,3725,3.7778146795084686e-21,6.185652607107273e-21,0.101
9.735018557111975,2274,3726,3.776154101627366e-21,6.187313184988376e-21,0.101
9.735087024912406,2273,3727,3.774493523746264e-21,6.1889737628694784e-21,0.101
9.738311213090268,2272,3728,3.772832945865161e-21,6.190634340750581e-21,0.101
9.739113766825609,2271,3729,3.771172367984058e-21,6.192294918631683e-21,0.101
9.741872456228107,2270,3730,3.7695117901029555e-21,6.193955496512786e-21,0.101
9.746523754729322,2269,3731,3.767851212221853e-21,6.195616074393889e-21,0.101
9.748471495478437,2268,3732,3.766190634340751e-21,6.1972766522749915e-21,0.101
9.751278605854283,2267,3733,3.764530056459648e-21,6.198937230156094e-21,0.101
9.753246795803276,2266,3734,3.762869478578545e-21,6.200597808037196e-21,0.101
9.775476275849538,2265,3735,3.7612089006974424e-21,6.202258385918299e-21,0.101
9.776701154273855,2264,3736,3.7595483228163396e-21,6.203918963799402e-21,0.101
9.77877206199929,2263,3737,3.7578877449352376e-21,6.205579541680505e-21,0.101
9.781807105910412,2262,3738,3.756227167054135e-21,6.2072401195616074e-21,0.101
9.782726974300362,2261,3739,3.754566589173032e-21,6.2089006974427094e-21,0.101
9.789879655278087,2260,3740,3.752906011291929e-21,6.210561275323812e-21,0.101
9.794861352539728,2259,3741,3.7512454334108265e-21,6.212221853204915e-21,0.101
9.801584451705741,2258,3742,3.7495848555297245e-21,6.213882431086018e-21,0.101
9.804077605926873,2257,3743,3.747924277648622e-21,6.2155430089671205e-21,0.101
9.814391390073734,2256,3744,3.746263699767519e-21,6.2172035868482225e-21,0.101
9.817239581035706,2255,3745,3.744603121886416e-21,6.218864164729325e-21,0.101
9.82480630433382,2254,3746,3.7429425440053134e-21,6.220524742610428e-21,0.101
9.830137352428956,2253,3747,3.741281966124211e-21,6.222185320491531e-21,0.101
9.833353690995308,2252,3748,3.7396213882431086e-21,6.223845898372634e-21,0.101
9.837600640075472,2251,3749,3.737960810362006e-21,6.225506476253736e-21,0.101
9.843868652191945,2250,3750,3.736300232480903e-21,6.2271670541348384e-21,0.101
9.846652700447073,2249,3751,3.7346396545998e-21,6.228827632015941e-21,0.101
9.84933943307455,2248,3752,3.732979076718698e-21,6.230488209897044e-21,0.101
9.865118286006648,2247,3753,3.7313184988375955e-21,6.232148787778147e-21,0.101
9.868575042807379,2246,3754,3.729657920956493e-21,6.2338093656592495e-21,0.101
9.869602651411672,2245,3755,3.72799734307539e-21,6.2354699435403515e-21,0.101
9.869801199008249,2244,3756,3.726336765194287e-21,6.237130521421454e-21,0.101
9.87947343053738,2243,3757,3.724676187313185e-21,6.238791099302557e-21,0.101
9.881108858138257,2242,3758,3.7230156094320824e-21,6.24045167718366e-21,0.101
9.883328130153508,2241,3759,3.7213550315509796e-21,6.2421122550647626e-21,0.101
9.885753779476024,2240,3760,3.719694453669877e-21,6.243772832945865e-21,0.101
9.89406778509245,2239,3761,3.718033875788774e-21,6.2454334108269674e-21,0.101
9.898831829931204,2238,3762,3.716373297907672e-21,6.24709398870807e-21,0.101
9.905700417901356,2237,3763,3.714712720026569e-21,6.248754566589173e-21,0.101
9.907636996925866,2236,3764,3.7130521421454665e-21,6.250415144470276e-21,0.101
9.919731504989599,2235,3765,3.711391564264364e-21,6.252075722351378e-21,0.101
9.920256310041614,2234,3766,3.709730986383261e-21,6.2537363002324805e-21,0.101
9.925769113795706,2233,3767,3.708070408502159e-21,6.255396878113583e-21,0.101
9.926075506564748,2232,3768,3.706409830621056e-21,6.257057455994686e-21,0.101
9.9267368849891,2231,3769,3.7047492527399534e-21,6.258718033875789e-21,0.101
9.93876902272212,2230,3770,3.7030886748588506e-21,6.260378611756891e-21,0.101
9.93987727077593,2229,3771,3.701428096977748e-21,6.262039189637994e-21,0.101
9.948636005424698,2228,3772,3.699767519096646e-21,6.2636997675190964e-21,0.101
9.949928533445235,2227,3773,3.698106941215543e-21,6.265360345400199e-21,0.101
9.950720173238595,2226,3774,3.69644636333444e-21,6.267020923281302e-21,0.101
9.96335388753856,2225,3775,3.6947857854533375e-21,6.268681501162404e-21,0.101
9.96888195441538,2224,3776,3.693125207572235e-21,6.270342079043507e-21,0.101
9.977576862570556,2223,3777,3.691464629691133e-21,6.2720026569246095e-21,0.101
9.979665082886777,2222,3778,3.68980405181003e-21,6.273663234805712e-21,0.101
9.986882778345391,2221,3779,3.688143473928927e-21,6.275323812686815e-21,0.101
9.989428436554817,2220,3780,3.6864828960478244e-21,6.276984390567917e-21,0.101
9.989741391741996,2219,3781,3.684822318166722e-21,6.27864496844902e-21,0.101
9.990291175709055,2218,3782,3.683161740285619e-21,6.2803055463301226e-21,0.101
9.994277820532186,2217,3783,3.681501162404517e-21,6.2819661242112254e-21,0.101
9.99803101953874,2216,3784,3.679840584523414e-21,6.283626702092328e-21,0.101
9.998094999873118,2215,3785,3.678180006642311e-21,6.28528727997343e-21,0.101
9.999188634207048,2214,3786,3.6765194287612085e-21,6.286947857854533e-21,0.101
10.002471156474584,2213,3787,3.674858850880106e-21,6.288608435735636e-21,0.101
